Nome do Jogo,Gênero,Plataforma,Classificação de Usuários,Vendas Globais,Lançamento no Brasil,Idade Recomendada,Preço
Jogo_0,Puzzle,Mobile,8.851441814744595,3.9812069938951486,Não,18.0,141.04439191322373
Jogo_1,Puzzle,PlayStation,9.576931629448387,1.3012338718634013,Não,13.0,116.92849535842262
Jogo_2,Esportes,Switch,2.7168849534717046,4.631714085069087,Sim,5.0,71.73951682814608
Jogo_3,Esportes,PlayStation,6.632024821823874,7.078355155082185,Não,9.0,39.96899512719578
Jogo_4,Esportes,Mobile,,8.952187983381023,Não,5.0,48.985231775779404
Jogo_5,Puzzle,Xbox,2.0211864932303705,6.656926959016858,Sim,5.0,78.69280614764959
Jogo_6,Puzzle,PlayStation,,9.89312993948992,Não,4.0,137.42844871348618
Jogo_7,Ação,PC,3.6352829224203127,3.6686048251431314,Não,5.0,166.55595032526003
Jogo_8,Puzzle,Xbox,6.540896358052767,2.6068066145950275,Sim,4.0,133.754747739958
Jogo_9,Puzzle,Switch,3.0382750483121073,1.6316868911551394,Não,13.0,147.8616783339111
Jogo_10,Ação,Xbox,4.420962699429351,6.695477197391801,Não,17.0,124.7959051518778
Jogo_11,Aventura,Xbox,1.915378652866448,1.4508555269438335,Não,13.0,186.78077512494164
Jogo_12,Esportes,Xbox,3.2303516222580013,7.875989283504922,Não,,120.44431364335054
Jogo_13,RPG,PC,9.470444675903668,5.748729967344761,Sim,12.0,73.6033926448955
Jogo_14,Ação,Mobile,8.223042264951784,7.603977474904732,Sim,9.0,55.468370624373584
Jogo_15,Aventura,Switch,9.384728462308415,0.5336670572229238,Não,6.0,89.01986356668615
Jogo_16,Esportes,PlayStation,1.2273769586778016,3.3806653842817713,Sim,,63.581279215012515
Jogo_17,Aventura,Switch,8.331073522661192,8.732360152296561,Não,7.0,87.84980917799294
Jogo_18,Ação,Xbox,5.272408348829087,1.4345375742618711,Não,11.0,137.04432437115636
Jogo_19,Esportes,Mobile,2.2465797338908815,9.054607315504972,Sim,14.0,102.60570911275775
Jogo_20,Aventura,PlayStation,8.999150952621736,6.646968480830219,Sim,8.0,42.155656654904234
Jogo_21,Puzzle,Mobile,3.449965837550749,6.915130612215685,Não,13.0,109.1809467525944
Jogo_22,Ação,PC,7.795056722514543,9.997905509425783,Sim,7.0,159.88246469986328
Jogo_23,Aventura,Xbox,5.4935277414964725,2.7848052247407873,Não,13.0,139.76542950205135
Jogo_24,Puzzle,Switch,2.1477011456590676,5.024591037344813,Não,5.0,116.45352925642769
Jogo_25,RPG,Switch,1.219523174026362,9.48207084693196,Não,7.0,66.01955505818522
Jogo_26,Esportes,Switch,7.099391987726711,7.192817890358787,Não,18.0,134.5272855539972
Jogo_27,Aventura,Xbox,3.1141983625822984,4.098945533218775,Sim,5.0,174.3184092767076
Jogo_28,Puzzle,PC,3.0255129352956875,4.499304018877497,Sim,6.0,179.22646605108764
Jogo_29,Esportes,PlayStation,6.673081812487823,5.694275934589863,Sim,6.0,58.682976873838285
Jogo_30,Ação,Xbox,7.053846915792133,7.053339519087928,Sim,7.0,145.83010295305428
Jogo_31,Ação,Xbox,,2.23654006073964,Não,14.0,196.2205876188971
Jogo_32,RPG,Switch,8.429975925169714,4.553568035738882,Não,,42.86506912339664
Jogo_33,RPG,Xbox,,8.750813887951892,Sim,,60.20441456864555
Jogo_34,Aventura,PC,9.632118266527101,2.096951353975462,Sim,15.0,148.48714945571254
Jogo_35,Puzzle,PlayStation,7.898023053581584,1.8509352860072075,Não,7.0,181.13819117601793
Jogo_36,Aventura,PC,6.024368629189935,6.183995636870436,Não,10.0,59.88443626862417
Jogo_37,Ação,PlayStation,9.517219280345909,5.362994797002166,Não,13.0,108.73631621573904
Jogo_38,Ação,PC,7.646926916008093,4.372505605217344,Não,,110.53796064785442
Jogo_39,Puzzle,PlayStation,1.6368890696986518,3.051289850087563,Não,15.0,120.67360878392088
Jogo_40,Aventura,PC,7.644103352499171,6.6848397303609515,Sim,,165.17291332920385
Jogo_41,RPG,Switch,8.174824164759606,4.179570695900962,Não,18.0,181.94129923625923
Jogo_42,Ação,Mobile,8.779657408095284,2.396098995985267,Sim,6.0,194.79784763064126
Jogo_43,Aventura,Xbox,7.840419148132318,3.8483139261318864,Sim,15.0,125.47781541723685
Jogo_44,RPG,Switch,7.023288939242336,7.616799353869683,Não,6.0,66.24059974442034
Jogo_45,RPG,Xbox,8.772711208311566,5.411653868150219,Sim,16.0,112.01884650449702
Jogo_46,Aventura,PC,,3.5301841215526437,Sim,17.0,78.7605904656319
Jogo_47,Puzzle,Switch,1.18309840945702,0.6671101365683696,Não,10.0,191.63917546119788
Jogo_48,Esportes,PC,3.7974106059082446,0.24632054482523338,Não,,60.98022929261199
Jogo_49,RPG,PC,,9.391047133150796,Sim,11.0,156.0611195918324
Jogo_50,Esportes,Mobile,5.0754826653548575,4.485717945671565,Sim,11.0,138.32609268783727
Jogo_51,Puzzle,Xbox,1.7302651404834188,6.459835467562443,Sim,4.0,83.42501898579134
Jogo_52,Esportes,PC,6.284031188081849,8.015353529486648,Não,6.0,47.705044057910314
Jogo_53,Esportes,PC,,6.906855818468796,Não,16.0,45.23005099721611
Jogo_54,Esportes,Mobile,8.32686784944365,4.905436375878305,Sim,16.0,53.61716940750371
Jogo_55,Esportes,Xbox,4.005182483290516,4.9662319469875875,Não,,86.85745557617778
Jogo_56,RPG,Switch,9.437115611265286,9.52432960919026,Sim,15.0,87.62983895734686
Jogo_57,Aventura,Switch,1.3841008862286017,0.5007174749194387,Não,4.0,32.01685854724055
Jogo_58,Puzzle,Switch,6.614431359990611,4.740407213612032,Sim,18.0,59.327609200914495
Jogo_59,RPG,PC,7.842466101516233,6.598774707639988,Sim,11.0,59.03910054286883
Jogo_60,Puzzle,Switch,1.4262471958595009,5.3325114388807915,Sim,13.0,115.51437608125661
Jogo_61,Esportes,Mobile,2.2480104808894787,9.580159549100864,Sim,14.0,139.90538845417902
Jogo_62,RPG,PlayStation,5.133043222494399,0.2851634213374914,Não,7.0,73.97281680433022
Jogo_63,Puzzle,PlayStation,1.677312061273069,6.547496458421729,Sim,3.0,82.05645574866932
Jogo_64,RPG,PlayStation,1.1387089910032024,0.13902228034087366,Não,17.0,109.91311208321852
Jogo_65,Puzzle,PC,1.8681205918837738,0.6126537638846598,Não,11.0,48.4441600123602
Jogo_66,Ação,Xbox,,7.169445606818438,Não,7.0,111.7379348118225
Jogo_67,RPG,Switch,,0.7860606651888683,Sim,6.0,131.88403448702445
Jogo_68,Esportes,PC,6.7699932887561705,9.24330374506728,Não,13.0,63.2753772711799
Jogo_69,Ação,PC,9.494522165122339,4.118223904886092,Sim,,176.66796832681158
Jogo_70,Puzzle,Mobile,1.1249940577393511,2.4030222209158376,Sim,12.0,90.27865946779136
Jogo_71,Puzzle,Switch,,1.4478759315995948,Sim,14.0,118.11759419269617
Jogo_72,Aventura,PlayStation,2.4320890698911324,1.2563188552354891,Não,12.0,84.61549196024248
Jogo_73,Puzzle,PC,7.75472511631019,0.5702644341749934,Sim,,140.13882417462048
Jogo_74,Puzzle,PlayStation,6.620677462847501,3.7091946503846955,Sim,5.0,44.45459105997037
Jogo_75,Puzzle,Mobile,6.588493002999789,2.8650077959069256,Sim,6.0,75.20292439467224
Jogo_76,RPG,Mobile,3.5629806344120247,1.297300438259097,Não,13.0,193.36236679534585
Jogo_77,Aventura,Mobile,8.000580900919505,1.5248827441040125,Não,17.0,114.29838458439852
Jogo_78,Aventura,Switch,2.4028505747069717,9.599333287069044,Sim,3.0,56.44402242554217
Jogo_79,Esportes,PlayStation,8.168275425861237,6.6390388830893725,Sim,9.0,131.91825364614513
Jogo_80,Esportes,Xbox,2.0536116545695835,2.1355831453167067,Não,15.0,113.38362548150184
Jogo_81,Aventura,Mobile,,6.239736759396714,Sim,17.0,150.37444142543424
Jogo_82,Ação,Xbox,7.375241339495747,6.1940807698128495,Não,8.0,90.04026901846481
Jogo_83,Aventura,Xbox,6.327211021362401,7.591237595080429,Não,10.0,74.13345336525009
Jogo_84,RPG,PlayStation,4.741909804716952,9.647376572099683,Sim,13.0,154.80640342523353
Jogo_85,Esportes,Switch,9.719295537876478,3.079528767083312,Não,16.0,63.410304307371305
Jogo_86,RPG,PlayStation,,7.729901286982839,Sim,,124.04982752637818
Jogo_87,RPG,Mobile,5.393964396194395,9.129767917907383,Sim,6.0,62.23776053936367
Jogo_88,Esportes,PC,6.1195045013275235,3.272770894852552,Não,18.0,137.75160938828273
Jogo_89,RPG,Mobile,7.487466169806007,3.756759875154468,Sim,3.0,49.8670630112172
Jogo_90,Aventura,Xbox,5.898580544736947,2.950234219309937,Não,17.0,151.33951183364928
Jogo_91,Aventura,Xbox,8.458870835563518,0.7974516520120758,Não,12.0,104.89360526781911
Jogo_92,Aventura,Xbox,8.586229852064001,4.507037856138087,Não,15.0,44.03335595951665
Jogo_93,Esportes,Switch,1.1961759405079457,6.233885732159066,Sim,10.0,197.60070730387866
Jogo_94,Aventura,Switch,2.355990352255615,8.473131789739709,Sim,12.0,137.0219571600775
Jogo_95,Esportes,Xbox,8.483180416184645,8.555357540838529,Sim,17.0,194.05335341898942
Jogo_96,Puzzle,Mobile,6.516042669936322,6.643102331855191,Não,18.0,75.90802571894228
Jogo_97,RPG,Mobile,5.772447841906398,9.571856221230561,Sim,8.0,171.2534670619567
Jogo_98,Ação,Switch,6.18447229111433,1.5791763698702235,Não,18.0,144.38356662136715
Jogo_99,Ação,Xbox,8.904266219917291,3.343917304437953,Não,12.0,187.89468998335533
Jogo_100,Aventura,Switch,7.204807714339347,6.698881692712898,Não,4.0,34.86658341254707
Jogo_101,Esportes,Xbox,3.0881632404497577,5.057392477358921,Sim,6.0,96.76390240506745
Jogo_102,Ação,PlayStation,5.705938447800394,9.547287212580311,Não,11.0,127.87446706180191
Jogo_103,RPG,Xbox,3.1060193219018633,0.3799024040580451,Não,14.0,120.1436283335444
Jogo_104,RPG,PlayStation,7.319544452527375,7.178317083726369,Não,3.0,141.955672760561
Jogo_105,Aventura,PC,3.541506557648905,5.371411577071619,Não,15.0,169.9324303823683
Jogo_106,RPG,PC,1.7026201725160282,7.548670678713403,Não,3.0,161.649403013809
Jogo_107,Puzzle,PC,2.5093185415878647,4.563445400705609,Sim,9.0,58.60827292375912
Jogo_108,Puzzle,Xbox,9.924885599769839,2.7917394519704595,Sim,11.0,157.88108769365968
Jogo_109,RPG,Xbox,7.718773250011291,9.287279698161019,Não,17.0,132.54441321918634
Jogo_110,Esportes,Mobile,4.844750886941556,3.86854520376844,Não,18.0,152.52893383580107
Jogo_111,RPG,Xbox,5.4149683838366895,5.456890207331206,Não,17.0,121.2723888754937
Jogo_112,RPG,Mobile,4.397321032646609,9.969111277148409,Sim,16.0,193.34636196537588
Jogo_113,Puzzle,Mobile,5.413465820882752,0.941602986452323,Não,,113.68428523907184
Jogo_114,Ação,Mobile,9.216755856673867,9.8008762750671,Sim,6.0,183.82892867272915
Jogo_115,Aventura,Xbox,6.511132919764179,5.553885066678722,Não,12.0,84.14679798270046
Jogo_116,Esportes,PC,7.57073506021733,1.034307198782043,Sim,3.0,92.15175269909076
Jogo_117,Aventura,PlayStation,2.6084748658443933,5.955978300942161,Não,16.0,76.98523276524298
Jogo_118,Aventura,PlayStation,3.690110590879662,9.153091714436641,Não,18.0,47.084969189516826
Jogo_119,Ação,Switch,7.321645413653547,0.6562760335930051,Não,11.0,77.92617822653204
Jogo_120,Ação,Mobile,7.808081453807868,6.587373708023252,Não,5.0,70.85471678327242
Jogo_121,Esportes,PC,5.695005903921151,8.376534063863724,Sim,10.0,152.71299216682058
Jogo_122,Ação,Xbox,4.853098545748408,1.030812985440426,Sim,,189.87374298452383
Jogo_123,RPG,PC,9.070583563978845,7.240144878249417,Sim,5.0,193.74708079878414
Jogo_124,Esportes,Switch,5.965986939421303,9.011463634298845,Não,12.0,117.59570891163423
Jogo_125,Puzzle,Mobile,3.230950596685446,4.679494097989199,Sim,13.0,70.57210608450602
Jogo_126,Ação,Switch,5.0534659118320455,6.701772283892849,Sim,11.0,113.9276157373991
Jogo_127,Puzzle,Xbox,1.0681502906652627,4.528457899525855,Sim,,154.0986313723423
Jogo_128,Aventura,Switch,5.308863189527324,2.2599898305472736,Sim,4.0,177.9997729872298
Jogo_129,Aventura,Xbox,7.84857293593801,2.424638012143764,Não,15.0,70.34485234662196
Jogo_130,Esportes,PlayStation,6.070366714540682,4.9534860627734645,Não,13.0,94.46507124731289
Jogo_131,Aventura,PC,6.586807679207707,1.5404745626459433,Não,5.0,47.932641034985366
Jogo_132,Aventura,Xbox,4.915921583859975,0.9210832450435575,Sim,5.0,198.460158885128
Jogo_133,Aventura,PlayStation,4.316575651492233,5.300776028914025,Sim,8.0,104.12222486670294
Jogo_134,Aventura,PC,2.885313573640518,4.216342086431494,Não,7.0,140.1259070865193
Jogo_135,Ação,Mobile,8.224712467132338,5.293319548280907,Não,11.0,180.99397365684575
Jogo_136,Esportes,Xbox,4.192048355195398,3.352080951837124,Sim,16.0,179.64817697797804
Jogo_137,Esportes,Mobile,1.1969592238274052,0.5285800067765376,Sim,5.0,51.37563151419317
Jogo_138,RPG,Switch,4.332788946240198,5.885785029555422,Não,5.0,162.5437682195525
Jogo_139,Puzzle,PlayStation,1.0102659038729238,4.067514926185028,Não,,97.62414969112834
Jogo_140,RPG,Xbox,8.678641936269138,4.030742668895201,Sim,6.0,195.63244992883088
Jogo_141,Esportes,Xbox,1.3116589933932294,9.711851206466557,Sim,7.0,159.29167326879931
Jogo_142,Esportes,Xbox,9.848997049692304,8.410120801227833,Sim,10.0,92.64158909251623
Jogo_143,Aventura,Xbox,,1.0166712824003694,Não,3.0,84.75791170186214
Jogo_144,RPG,PC,9.836777753531585,5.384170041278012,Não,6.0,113.52574386797932
Jogo_145,RPG,PlayStation,9.71677227374369,3.793039438275359,Sim,18.0,106.96784669447442
Jogo_146,Ação,Mobile,9.589104747628623,4.330412159899622,Sim,11.0,130.4661264044129
Jogo_147,Esportes,Switch,7.692054015190978,8.355359922793824,Sim,8.0,143.01207447009048
Jogo_148,Ação,Mobile,7.034943138558347,9.446800863896652,Não,15.0,190.55499078613036
Jogo_149,Esportes,PlayStation,9.713458814037317,8.132756442629875,Sim,18.0,166.27450071130897
Jogo_150,RPG,Xbox,3.804939855054455,7.736771740185539,Não,7.0,98.34229682766127
Jogo_151,Esportes,Mobile,2.6054813033679087,3.277242674262657,Sim,3.0,104.28110740686787
Jogo_152,Esportes,PlayStation,5.698647097446332,3.4392880776555086,Não,16.0,157.77280240705633
Jogo_153,Aventura,PlayStation,4.67428617475214,9.806095526855465,Sim,6.0,146.9789559452565
Jogo_154,Ação,PlayStation,,4.984003035166648,Não,7.0,154.6850962181801
Jogo_155,Esportes,PlayStation,7.609899744499114,4.425549038979816,Não,11.0,166.54440887154092
Jogo_156,Esportes,PC,,1.037170689727864,Não,3.0,140.0277487814413
Jogo_157,Aventura,PC,7.520582859596297,2.8587806186817097,Sim,12.0,114.84836873832057
Jogo_158,Aventura,PlayStation,3.312768018539359,7.1334220545605325,Sim,14.0,184.105631153019
Jogo_159,Puzzle,Mobile,6.6355316385072545,7.799341088156071,Não,18.0,90.05152740191612
Jogo_160,Puzzle,PC,9.377643676625741,3.0684105590274307,Sim,6.0,162.86304729990013
Jogo_161,Esportes,Mobile,1.2297398688514642,5.087527756314406,Não,7.0,188.56862016358824
Jogo_162,RPG,PC,4.852170459622832,7.589825285465203,Sim,5.0,133.1702643564031
Jogo_163,Aventura,PC,7.5924914209230305,9.600894478412528,Sim,11.0,64.47382508382304
Jogo_164,Ação,PlayStation,7.021900812820427,2.3155342576949214,Não,3.0,196.53024658606682
Jogo_165,Ação,Switch,9.716987869618954,0.1329621482988569,Sim,8.0,34.055729742723386
Jogo_166,Esportes,Mobile,2.476449257047343,0.6281387467243867,Não,16.0,183.45276387414674
Jogo_167,RPG,PlayStation,8.328345054804569,4.902550678291972,Não,,170.3715668614392
Jogo_168,RPG,Switch,9.026057821031236,8.209566386255595,Não,17.0,142.51999700240154
Jogo_169,Esportes,Mobile,,2.2652614665990636,Sim,7.0,142.99499901498174
Jogo_170,Esportes,PlayStation,5.4453279974711615,1.3603993098317368,Sim,12.0,146.8570468100497
Jogo_171,Esportes,PC,9.447194896942316,1.5141956841694892,Não,11.0,186.96443322053582
Jogo_172,Ação,Mobile,3.484177109535076,5.142740212384962,Não,10.0,96.55294525310288
Jogo_173,Aventura,PC,4.398508945166954,5.51995908040557,Sim,15.0,163.3991054152305
Jogo_174,Esportes,Switch,,4.92206866813152,Não,6.0,49.97921740566408
Jogo_175,RPG,Switch,2.3659970029317563,2.4329674129453114,Sim,10.0,33.77713890265092
Jogo_176,Ação,PlayStation,,6.1686439073999715,Sim,5.0,177.97574818110652
Jogo_177,Ação,PlayStation,6.577353201743722,1.3233399383870246,Sim,7.0,131.48628399688388
Jogo_178,Ação,Mobile,1.8178404636512724,0.7952149720705587,Sim,17.0,119.92154926982354
Jogo_179,Ação,PC,2.895289997943138,4.823733805010529,Sim,5.0,51.030242868608696
Jogo_180,Aventura,PlayStation,7.371745109563411,9.049663752992606,Não,4.0,51.550926464586695
Jogo_181,RPG,Mobile,8.508307737957974,9.825177150450473,Sim,12.0,78.91915534917119
Jogo_182,RPG,Xbox,8.310336698382653,9.401499629768773,Sim,6.0,134.13163254070366
Jogo_183,Aventura,Mobile,2.536214195186626,9.912670047600832,Sim,14.0,68.57780082825116
Jogo_184,RPG,Xbox,4.6068684426346715,8.644167188040324,Sim,17.0,51.445171556053666
Jogo_185,Esportes,Switch,6.258387077378808,7.965996587594577,Não,4.0,117.60790442594498
Jogo_186,RPG,PC,7.375196498059136,1.5608222971404309,Sim,15.0,153.7171126119138
Jogo_187,RPG,Mobile,8.005707025542895,3.1250649503264265,Não,10.0,65.40268861362318
Jogo_188,Esportes,Mobile,9.38273004304927,1.0612285143178597,Sim,12.0,68.96752421756541
Jogo_189,Aventura,PlayStation,9.931107454419346,5.700720886450181,Sim,12.0,125.25381189162607
Jogo_190,Esportes,Mobile,4.772475933788291,1.0501080112681012,Não,4.0,146.41890613524052
Jogo_191,Aventura,PlayStation,9.664048941112407,5.406115917194314,Não,7.0,109.70414302035942
Jogo_192,Aventura,Mobile,5.799914784146956,6.469434646833121,Sim,,188.46868856716367
Jogo_193,Esportes,PC,7.5393143028745415,5.210360986355873,Não,3.0,180.49532687555495
Jogo_194,Esportes,Xbox,,6.018560932508204,Não,10.0,173.58743107686473
Jogo_195,Puzzle,Switch,3.365665973334965,2.0753022154642746,Sim,12.0,43.99512923094733
Jogo_196,Esportes,Switch,6.798736059141076,4.919243513533169,Não,18.0,82.26582948650682
Jogo_197,RPG,Mobile,,8.881424000575514,Sim,9.0,34.45720138110967
Jogo_198,Ação,Mobile,5.557562714476549,9.36364016202222,Sim,11.0,81.63641282035127
Jogo_199,RPG,Switch,3.159193607034139,5.445183982061776,Não,12.0,69.05052210535811
Jogo_200,Aventura,Switch,8.92334177553351,9.347735697526623,Não,4.0,130.41804587919128
Jogo_201,RPG,PlayStation,9.875706090525611,3.7708529847149013,Sim,,45.26343591312485
Jogo_202,Puzzle,Mobile,6.53043098194738,6.80965721529399,Sim,18.0,106.79525615581096
Jogo_203,Puzzle,PlayStation,7.011245419925075,1.946607930411742,Sim,,84.12210391783722
Jogo_204,Aventura,PlayStation,3.0234340400931146,1.0983984942964191,Sim,,64.11478419094306
Jogo_205,RPG,Switch,,4.49535835088282,Sim,9.0,185.6475208656262
Jogo_206,RPG,Mobile,1.2560509229018497,8.572767014491053,Sim,13.0,149.81526920546824
Jogo_207,RPG,PC,1.9525351791431227,8.522551198721462,Não,6.0,67.09856603285354
Jogo_208,Esportes,PC,8.201427071213622,9.557672449425981,Sim,,148.3577988320351
Jogo_209,Esportes,Switch,8.921565553889863,7.183439246236987,Sim,10.0,151.91324980004893
Jogo_210,Puzzle,PC,9.906763375794096,3.6023331285745592,Sim,9.0,117.98376762423209
Jogo_211,Puzzle,Mobile,6.403634269178168,2.5529831814691937,Não,6.0,94.42774240263327
Jogo_212,Puzzle,Switch,8.415222124305922,4.468722838564742,Não,10.0,125.23698869962845
Jogo_213,RPG,Switch,3.791010492785263,6.6538182614680625,Não,16.0,152.44697212707598
Jogo_214,Aventura,PlayStation,3.3494986248188043,4.822680781748983,Não,10.0,139.42678868870496
Jogo_215,RPG,Xbox,2.4394359614986545,2.726458327346405,Sim,10.0,84.52043048187684
Jogo_216,Esportes,PlayStation,2.6923124790373727,4.610558437232821,Não,4.0,88.10649011123965
Jogo_217,RPG,PC,4.152519995123323,6.09340140847484,Não,12.0,73.54332530052935
Jogo_218,RPG,Mobile,4.148648013326941,0.6792539785220639,Sim,18.0,55.67553370864279
Jogo_219,Aventura,Switch,4.007244670721136,4.884457900466446,Sim,13.0,181.83762974377248
Jogo_220,RPG,Switch,2.5611297953440313,6.29916728240477,Sim,9.0,173.1648516976092
Jogo_221,RPG,PC,5.139677011046865,9.813905646315465,Sim,13.0,181.48458501550783
Jogo_222,Ação,Mobile,1.9623337612593565,3.053819532643515,Sim,11.0,199.64258747900845
Jogo_223,Aventura,Xbox,7.343761154556619,7.593351429481608,Não,13.0,148.20496760342837
Jogo_224,Ação,PC,4.568919550605119,9.783458029729033,Sim,16.0,48.830304048334256
Jogo_225,Ação,Switch,2.528691342294002,7.5377244393793505,Não,14.0,148.08051152960263
Jogo_226,Puzzle,Mobile,1.7025641804494978,8.386511386862939,Não,14.0,60.35042102965771
Jogo_227,Esportes,Switch,5.224255863593013,1.2422443603343731,Sim,4.0,123.99066718180316
Jogo_228,Puzzle,Mobile,2.757950384114579,5.512780628664254,Sim,9.0,91.36659997728353
Jogo_229,Ação,Switch,2.624677371286663,1.2877769438177518,Não,7.0,152.1624109937077
Jogo_230,Esportes,PlayStation,,8.451800687598697,Não,18.0,170.07135055368983
Jogo_231,Puzzle,PC,8.952054352096116,9.652910942970644,Não,13.0,78.85691768056898
Jogo_232,Puzzle,PC,6.711725784394203,7.209637840053171,Sim,7.0,146.79549961581526
Jogo_233,Aventura,PC,1.3377571574105247,3.9605851270650465,Sim,9.0,114.48446393238473
Jogo_234,Puzzle,Xbox,1.6354210569593342,7.1117507374611515,Não,7.0,191.68957964827703
Jogo_235,Esportes,PC,6.927912246067185,5.657098641153702,Sim,8.0,180.29826917264901
Jogo_236,RPG,Mobile,2.6919689247050744,5.525821680827263,Sim,13.0,144.553022775897
Jogo_237,Ação,Mobile,2.3921980220891905,4.347320355473658,Sim,14.0,75.95549178101825
Jogo_238,RPG,Xbox,3.1517264180393467,4.290668376633469,Não,6.0,192.81441104014965
Jogo_239,Ação,Xbox,7.822664730286422,0.49495263815764223,Sim,9.0,47.20068562707591
Jogo_240,Esportes,Xbox,5.130596586993538,7.950955488607398,Não,3.0,50.7862868006858
Jogo_241,Ação,Xbox,6.390152040632421,3.2557009380587267,Não,8.0,36.65938337982248
Jogo_242,Aventura,Switch,7.075312412437805,1.963299929065077,Sim,10.0,182.73993768520003
Jogo_243,Ação,Switch,5.961834227831771,4.957130076743246,Não,16.0,119.47215293706643
Jogo_244,Puzzle,Xbox,7.1843564954619685,5.02790533249477,Sim,9.0,100.70596741165525
Jogo_245,Aventura,PC,3.8582135868813987,6.545261030323255,Sim,17.0,173.04587843888294
Jogo_246,RPG,Xbox,1.2144787550750662,2.8423679577646817,Não,4.0,100.19904118082411
Jogo_247,Esportes,Switch,7.634551662464107,8.111857519711972,Não,7.0,68.05438767193715
Jogo_248,Puzzle,Switch,1.6861609825415558,7.306108473808326,Não,7.0,118.48364365628919
Jogo_249,RPG,Xbox,6.317156408870411,1.6587485804708566,Não,6.0,150.99352055767085
Jogo_250,Esportes,Xbox,8.404341629572539,8.286623049521591,Não,4.0,50.90048478076775
Jogo_251,RPG,PC,3.975455312781384,8.371746379263696,Não,10.0,158.61284505349886
Jogo_252,Puzzle,Switch,2.9461153792355876,3.346144095670019,Sim,12.0,90.29522159739031
Jogo_253,Esportes,Xbox,6.079218532670897,8.979791099902746,Não,,41.97549627750378
Jogo_254,Ação,Switch,1.9254034307724064,9.646138981579872,Sim,11.0,108.18193143794255
Jogo_255,Aventura,PlayStation,2.994306316550496,6.736799617208995,Não,18.0,148.76771580638854
Jogo_256,RPG,Mobile,8.743493324574487,5.232932290375761,Não,15.0,168.88124013311102
Jogo_257,Esportes,Mobile,6.404202995178683,5.445589119119955,Não,12.0,94.80893286939894
Jogo_258,Esportes,Mobile,9.459267169214133,7.047618756607104,Sim,6.0,49.56457021518396
Jogo_259,Aventura,Xbox,8.147350434671175,7.437525644533559,Não,11.0,169.64941099562452
Jogo_260,Aventura,PC,5.464091097566055,9.103464882484461,Não,10.0,136.2848483358484
Jogo_261,Esportes,Xbox,7.235891964473069,2.9507735679621083,Sim,9.0,132.17277212435826
Jogo_262,Puzzle,Mobile,8.748079125836831,6.53934708950597,Sim,,92.52516330293652
Jogo_263,Esportes,Xbox,2.6153451917454804,5.240398520839636,Não,3.0,45.982542085303685
Jogo_264,Ação,PlayStation,,5.438349255063222,Sim,17.0,62.349084651059755
Jogo_265,RPG,PC,6.525861383883161,3.5871580189514076,Sim,12.0,95.92314148120764
Jogo_266,Aventura,PC,9.177924902739328,8.700929423050892,Sim,7.0,195.51203817800862
Jogo_267,RPG,Xbox,5.484676467908773,9.965887640670422,Não,16.0,36.578534115749015
Jogo_268,Esportes,PlayStation,8.629610897031082,7.415332211123818,Sim,5.0,56.90691493087425
Jogo_269,Aventura,Xbox,7.900153531152404,3.7111515495649843,Sim,16.0,110.3048568878346
Jogo_270,Puzzle,Mobile,7.660606518028813,3.1147785961729486,Sim,11.0,88.70818121881064
Jogo_271,Esportes,Switch,8.750612264327994,0.8630261018581706,Não,8.0,167.93138992393472
Jogo_272,Puzzle,PC,4.238266083149922,7.2966386122514315,Não,6.0,143.43527768909954
Jogo_273,Puzzle,Switch,,7.3127870605674445,Não,18.0,69.1231771106037
Jogo_274,Aventura,Switch,1.385444972605843,4.838740323058403,Não,16.0,179.7548764481897
Jogo_275,Ação,Switch,4.3860701610560415,8.008156807477791,Sim,8.0,47.38352094523011
Jogo_276,Aventura,Xbox,7.294328533430875,0.2817589562662156,Sim,16.0,120.30472228701115
Jogo_277,Aventura,Mobile,6.172823168309084,6.937906218154104,Sim,13.0,165.68608906070233
Jogo_278,RPG,Mobile,1.3246637862492927,7.173844057823123,Sim,12.0,59.53769829612179
Jogo_279,Aventura,Xbox,8.626427626304679,5.477839005734425,Não,7.0,111.27217067817094
Jogo_280,RPG,Mobile,2.358143300014891,2.1063422382578185,Não,16.0,68.69751140745737
Jogo_281,Ação,PC,3.578179286616728,1.6414485519194544,Não,8.0,56.69135344121424
Jogo_282,RPG,PC,9.599418111478615,4.112261100270389,Não,15.0,128.3655739903221
Jogo_283,Esportes,Switch,2.8256497998591996,1.33202566136988,Não,16.0,167.2555055897028
Jogo_284,Aventura,Xbox,5.998944726067496,5.931633861002877,Não,12.0,136.08934174283442
Jogo_285,RPG,PC,9.785920770846316,0.6540375904210055,Sim,,116.99751439906555
Jogo_286,Ação,Xbox,3.2034353879142023,3.942994969708555,Não,14.0,175.0305887738968
Jogo_287,RPG,PlayStation,4.895149689506619,9.148024950766425,Sim,10.0,116.88396528818677
Jogo_288,RPG,Switch,9.287544487095037,3.322677640533903,Sim,12.0,52.23800289738432
Jogo_289,Puzzle,Switch,3.9497744270613366,2.6302252693924797,Sim,9.0,120.2268365913257
Jogo_290,Esportes,Switch,9.423386874078796,6.302398954465585,Sim,17.0,124.39822656420202
Jogo_291,Esportes,PC,2.3769278223151176,7.393449012745489,Sim,3.0,107.38353592894836
Jogo_292,RPG,PlayStation,5.008136939020556,3.5095983121003735,Não,14.0,132.46653326324724
Jogo_293,Aventura,Mobile,9.232119680030724,5.924808639930407,Sim,14.0,96.0916199143962
Jogo_294,Aventura,Mobile,8.977017330978253,3.9440178354286184,Sim,14.0,86.50557517752691
Jogo_295,Puzzle,PlayStation,7.666916192950774,5.36627454207238,Sim,,62.23541931574152
Jogo_296,RPG,Mobile,8.545465998110014,0.19214994571077007,Não,18.0,114.39047446930141
Jogo_297,Puzzle,PC,5.4452923134917075,9.46240066573723,Sim,,60.56215164140485
Jogo_298,RPG,Switch,8.06829334278195,8.928504008813055,Não,,142.36254937960197
Jogo_299,Ação,PC,9.150199656209365,5.364035481479415,Sim,13.0,46.0665133837057
Jogo_300,Ação,Switch,,0.7065054066549032,Sim,4.0,186.4223984864656
Jogo_301,Aventura,PlayStation,6.672432078565402,9.365548784990244,Não,,153.83157864942157
Jogo_302,Puzzle,PlayStation,5.862904001303941,4.507340617004497,Sim,10.0,72.82903162320224
Jogo_303,Aventura,Switch,,6.271820766645731,Não,8.0,31.40730923708911
Jogo_304,Puzzle,Xbox,5.726671816691233,6.523360736850276,Sim,,79.96081309309577
Jogo_305,Ação,Switch,7.459517577676899,2.6127013326808473,Sim,6.0,156.0637865768224
Jogo_306,Esportes,PC,,7.625585896711843,Não,17.0,95.81570665076944
Jogo_307,Ação,Xbox,6.214626341588264,0.756106016171764,Não,,77.9036827200833
Jogo_308,Puzzle,Mobile,1.0746438250455048,7.2478380496623895,Sim,12.0,87.04370859289415
Jogo_309,RPG,PC,9.264821985388897,3.829287804884943,Sim,13.0,60.467270253785756
Jogo_310,Esportes,PC,6.979424911334911,6.186425635652913,Sim,13.0,121.60078155900445
Jogo_311,RPG,Xbox,9.774005999225661,2.6923604271432215,Não,8.0,74.89621804019889
Jogo_312,RPG,PC,4.0743519799042,5.214771551136299,Sim,17.0,152.39797838075634
Jogo_313,Esportes,Mobile,1.3315342788816116,1.316294559674437,Sim,9.0,133.68250238270082
Jogo_314,Ação,PlayStation,3.5506568879285707,4.704735126306954,Não,8.0,132.86965867161615
Jogo_315,Ação,Mobile,6.994067870340322,3.058468910727628,Sim,12.0,194.29952772161954
Jogo_316,Ação,PlayStation,1.2564661494066953,5.110197529640886,Sim,5.0,43.60484992673609
Jogo_317,Ação,PlayStation,7.670924029738169,2.9453375824996786,Sim,10.0,168.59633171835247
Jogo_318,Puzzle,Switch,7.625825861054331,7.41836424293047,Sim,11.0,115.80325167567239
Jogo_319,Ação,Mobile,7.8017685682154765,1.1883139900326518,Não,10.0,100.4922055199693
Jogo_320,Esportes,PlayStation,5.997157892735955,6.151245935400463,Não,11.0,40.81495204077229
Jogo_321,Puzzle,PC,1.9559837772499806,3.7621634197484917,Não,13.0,153.2509437473354
Jogo_322,Ação,Mobile,9.815875734452757,9.240914146274013,Não,13.0,74.03618012111238
Jogo_323,Puzzle,Switch,3.645886589080288,8.415849779745427,Sim,16.0,80.5483289922092
Jogo_324,Esportes,Xbox,4.8569895968155095,6.171949125179353,Sim,6.0,171.66337981826996
Jogo_325,Ação,Xbox,3.117358901346527,8.713106283718801,Não,11.0,40.97728845113586
Jogo_326,Esportes,Xbox,6.540514299098231,0.8228533821401889,Não,12.0,130.61835512039852
Jogo_327,Ação,Switch,,6.876845684498497,Sim,16.0,141.69733263729063
Jogo_328,RPG,Xbox,4.1104400056512205,6.2167089436400325,Sim,,172.50274807994896
Jogo_329,Ação,Switch,4.420263418377946,8.718080968903557,Não,9.0,130.64022824279317
Jogo_330,RPG,Mobile,9.027910107879533,6.712136749642709,Sim,13.0,104.5633234937554
Jogo_331,Ação,Switch,3.82448974495571,2.219744704795377,Sim,10.0,100.06169578407221
Jogo_332,RPG,Xbox,4.328672823044574,9.938801791390889,Não,13.0,72.71442801203199
Jogo_333,RPG,PlayStation,8.163937491183717,5.618874080746192,Não,8.0,194.11267908336762
Jogo_334,RPG,PlayStation,9.479228501587194,2.737339531824414,Não,18.0,79.08881408799078
Jogo_335,Puzzle,Mobile,4.343767911866323,8.517531395753773,Não,5.0,45.73900268725689
Jogo_336,Puzzle,PlayStation,,1.0072623990232343,Não,18.0,111.25284615168354
Jogo_337,Esportes,PC,1.2692460449505782,9.39505449378535,Sim,8.0,40.677371744672186
Jogo_338,Esportes,Mobile,1.0872766550223703,8.548288891973327,Não,11.0,78.93045983867495
Jogo_339,Puzzle,Mobile,7.988577264484021,9.708075552102649,Sim,8.0,78.56530924580966
Jogo_340,Esportes,Mobile,1.04783768427229,1.9075852751882325,Não,10.0,30.64679712701307
Jogo_341,Esportes,PC,2.1883892989329623,8.514001397157125,Sim,7.0,62.74993659873592
Jogo_342,RPG,Xbox,5.931816501455559,1.4651768271792618,Sim,8.0,84.37015776312481
Jogo_343,RPG,PC,7.951598429238036,7.451519029956933,Não,,99.13015054853545
Jogo_344,Ação,PlayStation,2.0354508302465506,8.570679060260936,Sim,17.0,90.28621403001549
Jogo_345,Puzzle,PlayStation,,5.361371137908474,Não,7.0,106.46290855022744
Jogo_346,RPG,Xbox,1.4260561647801997,9.213823643705542,Não,13.0,189.15612958787972
Jogo_347,Puzzle,PC,4.134983141849961,7.756734257063542,Não,13.0,55.10040025105137
Jogo_348,Ação,Mobile,9.102793159693215,4.244990828695916,Sim,7.0,68.87034172257853
Jogo_349,Esportes,PC,6.934655884573128,1.3919502514357716,Não,8.0,119.11839826047134
Jogo_350,Esportes,Xbox,1.5350601954718979,9.087208977769713,Sim,9.0,195.45837012789895
Jogo_351,Ação,Switch,7.97017468697532,1.0436752606461965,Sim,7.0,141.384202198852
Jogo_352,RPG,PC,7.078620455308462,7.991933922327762,Não,18.0,31.21499090920125
Jogo_353,RPG,Xbox,1.9750384901858171,8.654884604632636,Sim,13.0,71.10316238063427
Jogo_354,Puzzle,PC,3.751797870344764,9.46404530711668,Não,,182.32078025809227
Jogo_355,RPG,PC,7.749860470658021,7.542980695653001,Sim,5.0,134.23476526820676
Jogo_356,Esportes,Xbox,7.7293024555102505,8.153744986215152,Não,8.0,152.31172407707206
Jogo_357,Esportes,Switch,5.760127312511733,6.950488975790956,Sim,8.0,133.16157598843554
Jogo_358,Esportes,Xbox,5.7527257249322075,7.4131576960244985,Não,15.0,95.05118236448811
Jogo_359,Ação,PC,1.9640382768306544,7.745826389460723,Sim,9.0,157.57783150997403
Jogo_360,RPG,Mobile,8.217636690675636,4.127507250926257,Não,9.0,50.60194441551302
Jogo_361,Aventura,Xbox,4.0322413407125755,2.129516466605493,Sim,9.0,147.48152428981012
Jogo_362,RPG,Xbox,9.858430366142942,0.2973552366742853,Sim,10.0,197.10640113737406
Jogo_363,Ação,PC,3.5113670135546946,4.766456348755951,Sim,4.0,106.29598607157803
Jogo_364,RPG,PlayStation,1.2048510844256184,1.6615403649113334,Não,7.0,168.24618610061614
Jogo_365,Aventura,PlayStation,,2.1755456309448786,Sim,11.0,129.61757496170688
Jogo_366,Puzzle,Xbox,4.9107842781498725,9.376182256743638,Não,11.0,68.50163873237582
Jogo_367,Ação,PlayStation,8.850541852574018,7.267869763648989,Sim,17.0,191.3465527522556
Jogo_368,RPG,Xbox,,8.869463337061692,Sim,9.0,119.72622316808423
Jogo_369,RPG,PlayStation,7.398756457978014,4.345483341712475,Não,10.0,96.28651189992223
Jogo_370,RPG,Switch,5.750644532033473,5.349318073183459,Sim,11.0,94.43221776189486
Jogo_371,Puzzle,PC,4.383583230755484,1.808679638009793,Não,,197.48323390261794
Jogo_372,Aventura,Mobile,1.3756642295851642,1.614213711772823,Não,6.0,52.11430685150588
Jogo_373,Aventura,Xbox,6.440494113181307,2.920680263059717,Não,11.0,50.08784618055793
Jogo_374,Aventura,Xbox,7.50665214784321,5.971000294469091,Não,14.0,85.67174396270012
Jogo_375,RPG,PC,5.346281731634838,5.390863092810467,Sim,11.0,147.963340671764
Jogo_376,Ação,PlayStation,,6.6844950826682386,Sim,15.0,182.18176796510522
Jogo_377,Esportes,Xbox,4.425741585250534,4.665154418322686,Sim,5.0,42.516337916276186
Jogo_378,RPG,PlayStation,5.878299529163284,6.485137497176693,Não,13.0,147.58433306811443
Jogo_379,Esportes,PlayStation,3.326460982250834,7.756926111982288,Sim,,141.81415582757734
Jogo_380,RPG,Xbox,1.5660315097460944,8.591841446953145,Não,10.0,174.8672468317606
Jogo_381,Puzzle,Switch,1.4054552190096787,7.667436736581598,Sim,15.0,86.76633094732728
Jogo_382,Aventura,PlayStation,1.3724125596964996,8.956152063910533,Não,12.0,115.08456399253217
Jogo_383,Esportes,Mobile,5.857341955255224,8.537554454458467,Não,4.0,112.82176663140851
Jogo_384,Puzzle,Switch,4.119489256034025,4.881727433952268,Sim,6.0,160.42658609289924
Jogo_385,Puzzle,PC,5.597844879972175,8.754027188462457,Não,15.0,199.37681738807004
Jogo_386,Esportes,Xbox,1.5016466709854819,2.6201038323595935,Sim,8.0,33.11410928349177
Jogo_387,RPG,Switch,5.266596297390394,5.235921483145118,Não,6.0,91.00000362776338
Jogo_388,Esportes,Switch,5.439471571562855,6.356617045723316,Sim,3.0,188.22327662429132
Jogo_389,Esportes,PlayStation,7.2033096749045225,0.6974575910540003,Não,6.0,184.51906454519985
Jogo_390,Aventura,PlayStation,2.9162561766712662,2.7068625032829576,Não,9.0,133.6961058236144
Jogo_391,Esportes,Xbox,2.7818213728445222,9.098179520947227,Sim,5.0,62.76568545647876
Jogo_392,Aventura,PlayStation,,4.732364615653946,Sim,8.0,77.7101484939663
Jogo_393,Esportes,Switch,8.474309399177034,5.11742067689789,Não,9.0,43.580447155934664
Jogo_394,Esportes,Switch,7.9315514852512425,2.633949847143441,Sim,15.0,50.439122139395195
Jogo_395,RPG,PC,,3.378230999349004,Não,18.0,144.7643743709365
Jogo_396,Ação,Mobile,6.294865962542538,5.578679151198322,Sim,17.0,172.33214949647316
Jogo_397,RPG,Switch,5.287231214995694,4.3216122324817094,Sim,6.0,73.29893203700954
Jogo_398,Ação,PC,1.7409447416310038,4.487053966962327,Não,13.0,163.3973037270851
Jogo_399,Ação,PC,4.5126217907011315,7.9772168629090805,Sim,15.0,141.69876486073616
Jogo_400,Esportes,Xbox,9.916026462044258,5.106982434004535,Não,8.0,175.07753261229306
Jogo_401,Puzzle,Xbox,6.57384403604937,8.266214274504641,Não,15.0,44.887372968586654
Jogo_402,Ação,PlayStation,7.044584002408075,6.67344390051533,Não,4.0,165.40904589678334
Jogo_403,Aventura,Xbox,6.822974667396605,3.8945083346711273,Sim,,131.96622863429008
Jogo_404,Esportes,Xbox,6.263556845680192,3.5526182199894896,Sim,16.0,179.40608134542683
Jogo_405,Puzzle,Xbox,7.1555730879192225,2.9302476227565877,Sim,5.0,193.4933008326609
Jogo_406,Aventura,Xbox,3.631640746363815,8.573677743504584,Sim,4.0,166.50634308700984
Jogo_407,Ação,Xbox,8.233906413371628,8.927084904727877,Não,8.0,48.74856565891895
Jogo_408,Aventura,PlayStation,7.431731884924739,8.011551076643787,Sim,9.0,52.290985484884814
Jogo_409,RPG,Xbox,2.3586486689101154,2.813959163384824,Não,8.0,118.1789507874428
Jogo_410,Ação,Mobile,9.301912075520036,9.765340679896573,Sim,16.0,139.50445137971778
Jogo_411,Ação,PC,5.668837163360478,6.839553727443938,Não,4.0,68.7349636612918
Jogo_412,Esportes,PlayStation,9.994973262113323,1.1002467542868979,Não,16.0,43.8207316094988
Jogo_413,Esportes,Mobile,7.816436730961164,1.7029892094885335,Não,7.0,34.268772864333556
Jogo_414,Esportes,Switch,,3.7107471212163494,Sim,,103.57192038195353
Jogo_415,RPG,PlayStation,1.7716248054646773,7.665140217739568,Não,9.0,77.30503200566064
Jogo_416,RPG,Mobile,,8.390599327304274,Sim,8.0,173.0589519860266
Jogo_417,Esportes,Mobile,5.838055175366181,4.7029538381660325,Sim,15.0,176.58229422023828
Jogo_418,Esportes,Switch,1.0317020279255413,0.9600340641556507,Sim,6.0,116.079152830162
Jogo_419,Esportes,Mobile,1.9064657344544864,5.064842575906244,Não,5.0,145.41150440630477
Jogo_420,Puzzle,Mobile,8.289459195642294,2.9557224865930625,Não,10.0,125.39935550869475
Jogo_421,Puzzle,PlayStation,2.9790094156489286,2.6502323546086273,Não,,193.72999693428457
Jogo_422,RPG,Xbox,5.577391579018774,5.515840135183578,Sim,13.0,178.1340411003083
Jogo_423,Aventura,PlayStation,5.328018419412448,1.2928838688535995,Sim,4.0,159.94308463531294
Jogo_424,Aventura,PlayStation,7.266855515168546,2.1641456090846534,Não,,81.85677632789822
Jogo_425,RPG,PC,5.970249967357196,7.079403765563213,Não,3.0,103.8282667404005
Jogo_426,Puzzle,Mobile,6.253510419696819,5.600888840061238,Sim,7.0,160.44048831915978
Jogo_427,RPG,PC,9.171324314481176,5.808936710565105,Sim,12.0,34.31743405853126
Jogo_428,RPG,Xbox,5.266969181892041,2.778177054800341,Sim,6.0,187.02580594071028
Jogo_429,Puzzle,Switch,4.058172229980427,3.0728335418039063,Não,,100.35095037071216
Jogo_430,Esportes,Xbox,4.600921723600024,9.178697520618542,Sim,,47.280200809879986
Jogo_431,Esportes,Xbox,2.771254921088202,6.252708108002143,Não,8.0,158.89251814284242
Jogo_432,Esportes,Mobile,2.3018664608655,3.8457731655263094,Não,3.0,52.33748178536449
Jogo_433,Ação,PC,4.509287198624594,5.478599854041857,Não,17.0,114.11244295778062
Jogo_434,RPG,PlayStation,7.134855507233913,8.428913087627496,Não,15.0,110.07864117062789
Jogo_435,Aventura,Xbox,3.308500340309896,7.185288176938616,Não,6.0,118.82087358673368
Jogo_436,Puzzle,PC,,3.749466502182914,Sim,16.0,95.23417625351402
Jogo_437,Ação,Xbox,,4.140160146488826,Não,,99.152019362425
Jogo_438,Ação,Switch,5.062401355883157,3.085552458136551,Não,16.0,155.2703064455775
Jogo_439,Puzzle,PlayStation,3.187684968073445,9.12125585666299,Sim,,62.90971544198423
Jogo_440,Aventura,Switch,4.6659533435420055,8.744623866658666,Não,9.0,157.05454562560666
Jogo_441,Aventura,Mobile,2.9516764728881366,3.5123506207324766,Sim,,75.57382722390281
Jogo_442,Puzzle,PC,8.212970788925247,4.000140002795843,Sim,6.0,155.74176264401382
Jogo_443,Esportes,Xbox,2.864141609494024,1.6958904278296256,Não,17.0,89.84687652856556
Jogo_444,Puzzle,Switch,1.4745168329125848,0.6783039844838231,Sim,8.0,80.0825545814891
Jogo_445,Esportes,Switch,4.638124349870316,8.525242481753164,Não,13.0,53.965966643845704
Jogo_446,Esportes,PC,4.4531964868005645,1.6551872579416647,Sim,,120.97739754648538
Jogo_447,Esportes,Switch,8.943957483822397,7.664910843456861,Não,15.0,118.13659970165637
Jogo_448,Puzzle,PC,4.435058646134528,3.262756157615337,Sim,18.0,154.6226418117009
Jogo_449,Puzzle,Mobile,9.687329926893412,9.019774833333107,Não,3.0,170.99885081373947
Jogo_450,Ação,Xbox,6.701314701539,4.157650809069309,Sim,18.0,54.75032925872283
Jogo_451,RPG,PlayStation,7.48138897774485,7.6333205038339464,Sim,5.0,157.49554409124866
Jogo_452,RPG,PC,7.941398392772346,7.256015159363361,Sim,15.0,65.50034861685222
Jogo_453,Aventura,Mobile,4.549571394640935,4.139398856454546,Sim,3.0,101.26412156066246
Jogo_454,Esportes,PlayStation,6.772082145570411,4.349435919244597,Não,11.0,114.66844778270425
Jogo_455,Esportes,PC,5.474805825948179,0.9019613013858702,Não,6.0,185.68233400069872
Jogo_456,RPG,Xbox,1.4443531210239757,0.17966943291349802,Não,17.0,190.46734658365557
Jogo_457,Ação,Switch,,0.31270564633846004,Sim,12.0,118.0408225363922
Jogo_458,Puzzle,PlayStation,8.712154216379908,3.7124851411863733,Não,12.0,147.5537882788555
Jogo_459,Aventura,PlayStation,6.596081558498238,4.907752291665164,Não,,132.90427507248666
Jogo_460,Esportes,Mobile,9.935124867014618,3.0652818589880457,Sim,8.0,41.33446264336492
Jogo_461,Esportes,PC,7.165729157813564,2.4382483488317925,Não,5.0,147.94440891675876
Jogo_462,Ação,Mobile,7.301113229953238,2.53711446043915,Não,10.0,163.52775325230866
Jogo_463,Esportes,Switch,7.713877767764269,9.084784776412082,Sim,18.0,111.2950240805011
Jogo_464,Puzzle,PC,4.709378780683146,0.19627795302159617,Sim,11.0,173.26179716265315
Jogo_465,Esportes,Xbox,1.5781025593198903,7.279137794800126,Sim,14.0,174.0192591893836
Jogo_466,Aventura,PC,1.878827172009561,0.733318740172299,Não,10.0,85.69920689595935
Jogo_467,Aventura,Mobile,2.8279324992327086,1.6377472222760123,Sim,16.0,68.68045624293622
Jogo_468,Ação,PC,2.204484390254179,4.624871849974164,Não,14.0,95.98107757709255
Jogo_469,Ação,Xbox,7.183535423028183,7.294234688454416,Não,10.0,49.348948266181594
Jogo_470,Esportes,PC,9.289694235293407,2.8907850691017924,Sim,,121.55202583445245
Jogo_471,Aventura,Switch,,8.291449453766818,Sim,12.0,94.17694386732467
Jogo_472,RPG,Xbox,7.340367703217984,3.6360327307953875,Não,5.0,101.67633261249395
Jogo_473,Ação,Switch,3.1047271046164955,6.350491359746716,Sim,3.0,29.979005356957387
Jogo_474,Ação,PC,4.800339409598461,0.6106562253976917,Sim,10.0,119.0554818837897
Jogo_475,Esportes,PC,2.244842191325157,4.763232442266178,Não,6.0,158.6390850298044
Jogo_476,RPG,Xbox,1.5954086854729785,4.616226585059586,Não,12.0,169.20165112624758
Jogo_477,Aventura,PlayStation,6.198902822227341,7.340483575397535,Sim,,113.47318194433066
Jogo_478,Esportes,PlayStation,,4.973669743069169,Não,6.0,62.0506810770766
Jogo_479,Esportes,Switch,1.0089321873674288,2.0080731465279245,Sim,13.0,138.34421712060447
Jogo_480,Puzzle,Xbox,2.343492281514079,8.976986552948325,Sim,4.0,114.46043743349605
Jogo_481,Aventura,PlayStation,8.29814393922522,5.084456310919881,Não,11.0,151.0459720729284
Jogo_482,Puzzle,Mobile,5.55273946128597,2.5539073014179734,Não,18.0,86.8091276785498
Jogo_483,Aventura,Switch,1.0551206309278294,9.688227031743038,Não,13.0,57.334441880443705
Jogo_484,Ação,Xbox,5.235600597776374,6.4824510697819875,Sim,6.0,190.54885727968892
Jogo_485,Ação,Mobile,2.0295509755962717,8.142333896023468,Não,6.0,193.3050891619607
Jogo_486,Aventura,Mobile,1.9988117600488065,2.127763582847977,Não,,195.33477431297936
Jogo_487,RPG,Xbox,4.862219471930488,2.811904135662576,Sim,8.0,190.33866501805386
Jogo_488,Aventura,PlayStation,3.0210058871078456,8.947659999798455,Não,12.0,71.45087756303477
Jogo_489,Puzzle,Mobile,8.088317699708632,1.0048089204019721,Não,11.0,190.0768449796833
Jogo_490,Ação,Switch,7.390563592433134,0.7872142032113647,Sim,6.0,159.10104170885265
Jogo_491,RPG,PlayStation,7.673409439241364,7.472024053078871,Sim,18.0,103.66111479641512
Jogo_492,Puzzle,Xbox,6.265140366621523,6.963367383204337,Sim,7.0,182.11912695230617
Jogo_493,Esportes,Switch,3.6241969964601215,4.424450835783822,Não,8.0,82.98279789008596
Jogo_494,Aventura,PC,6.133911953459484,9.788022227081541,Não,,47.397621210663274
Jogo_495,Ação,PlayStation,4.60929722196421,3.2808388634346426,Não,3.0,105.09117454050386
Jogo_496,Ação,PC,1.7331909918410024,0.7225476494702296,Não,17.0,105.0544771870021
Jogo_497,Aventura,Switch,4.9384996848551115,7.266933005211792,Sim,4.0,132.72715834591585
Jogo_498,RPG,PlayStation,2.6090289646724827,9.904870990553151,Não,,126.91020536453345
Jogo_499,Ação,Switch,5.221398675990382,8.840563173387741,Sim,8.0,36.08440927275444
Jogo_500,Esportes,Xbox,4.580416719607564,6.940394890663195,Não,18.0,43.21103261809401
Jogo_501,Ação,Xbox,8.227969940621172,5.766800038238293,Sim,17.0,76.28801720753684
Jogo_502,RPG,Switch,8.273698408109228,5.8941411674244835,Sim,10.0,100.93594673825245
Jogo_503,RPG,Mobile,5.560527085965114,8.807209195905129,Não,16.0,144.34478659418403
Jogo_504,Puzzle,PC,4.045668081246861,4.417489883107085,Não,18.0,160.04381789061156
Jogo_505,Ação,Xbox,8.828272627403688,9.472132912433619,Não,12.0,41.27508556321633
Jogo_506,Puzzle,PlayStation,5.290232392990919,1.8302399217521494,Não,8.0,42.1885618887136
Jogo_507,Esportes,Switch,2.836107024338409,4.575315333652973,Não,13.0,156.65664075266673
Jogo_508,Ação,PC,2.67860281899358,2.0894665429633257,Não,8.0,188.99673822230457
Jogo_509,RPG,PC,8.137807388112616,2.4578681318696773,Sim,17.0,195.08202934345704
Jogo_510,Ação,PC,,7.150789417591512,Sim,14.0,79.39637206303215
Jogo_511,Aventura,Switch,,7.228063659308602,Não,3.0,42.519680180416835
Jogo_512,Esportes,Mobile,2.9285176524115486,6.059723940698718,Sim,7.0,70.30863952321286
Jogo_513,RPG,Xbox,9.449484960194045,7.886001592863771,Não,16.0,140.1202239920066
Jogo_514,Puzzle,Xbox,5.825508348120024,4.314014858764607,Sim,13.0,100.14375653581752
Jogo_515,Ação,Xbox,9.978397573021619,8.539154317219616,Não,10.0,74.60860261593255
Jogo_516,Ação,PC,,6.778181113537213,Sim,3.0,149.2520215960099
Jogo_517,Aventura,PC,7.0804751399530375,6.896128408633487,Sim,10.0,196.53195728420158
Jogo_518,Puzzle,PlayStation,7.538655356319038,1.3637008879633308,Sim,11.0,169.58522289300421
Jogo_519,RPG,Switch,2.0183628497895643,5.660382902902298,Sim,16.0,130.398441614217
Jogo_520,Ação,Mobile,5.163598348464001,6.772389128644085,Não,5.0,133.496378566829
Jogo_521,Aventura,PlayStation,2.9711114308054194,8.89130373955215,Sim,6.0,142.72787759959186
Jogo_522,Aventura,Xbox,,8.512584016045135,Não,12.0,150.3846124503997
Jogo_523,Aventura,Xbox,3.015086510280063,9.184161772865682,Sim,4.0,34.522590327323485
Jogo_524,Puzzle,Mobile,6.603287805595167,4.934402306753277,Sim,14.0,180.54242662159305
Jogo_525,RPG,Mobile,5.379153755849762,6.768278368184723,Não,17.0,81.23385673071832
Jogo_526,Ação,PC,9.026081940274642,5.0662828292779585,Não,12.0,189.00451449664317
Jogo_527,Puzzle,Switch,5.783637013780801,9.759536545609903,Não,5.0,32.216538298800806
Jogo_528,RPG,PC,9.407758049049816,2.8294468209020787,Não,8.0,127.92700087076955
Jogo_529,RPG,PlayStation,5.027832246900321,8.36626846582271,Não,15.0,132.1737704295474
Jogo_530,Ação,Switch,7.856779156764676,0.49374195240147434,Sim,12.0,191.63301104454862
Jogo_531,Esportes,PC,6.189966478524528,5.968449772163894,Não,9.0,42.98002555157396
Jogo_532,Aventura,PC,5.071003547114753,1.308992535618505,Sim,15.0,92.46028043842598
Jogo_533,Aventura,Switch,7.236375989544648,1.9352456420304631,Sim,13.0,121.06008117206576
Jogo_534,RPG,Mobile,3.5853276437734376,6.18376535062552,Sim,4.0,64.62288735294626
Jogo_535,Esportes,Xbox,4.118211351153656,6.732322735541526,Sim,14.0,116.5820247731435
Jogo_536,Aventura,PC,7.442563977976349,1.035780635103706,Sim,9.0,169.3606702110081
Jogo_537,Puzzle,Xbox,2.2551360450396443,5.809879846561704,Sim,8.0,152.7486612548883
Jogo_538,Puzzle,Switch,8.271826203908446,8.841237081875954,Sim,18.0,125.24339570384268
Jogo_539,Esportes,Switch,2.5760586955836593,7.346845629836743,Não,10.0,129.56368892770928
Jogo_540,Ação,Mobile,4.3396011141476105,4.764088646303331,Não,6.0,66.18191782202432
Jogo_541,Aventura,Switch,2.98936246707793,3.310274780167229,Sim,10.0,108.93757702145632
Jogo_542,RPG,Xbox,,4.556083873238998,Não,9.0,44.59756894823129
Jogo_543,Aventura,Mobile,,4.044428135618929,Sim,8.0,90.13611643278334
Jogo_544,Puzzle,PC,6.887348704103583,5.577117551101805,Sim,18.0,81.15241128004357
Jogo_545,Aventura,Switch,4.53717072527675,9.532810055917691,Não,18.0,135.87313142026218
Jogo_546,Aventura,PC,8.035200637972535,7.283562413122534,Não,14.0,55.198672908066754
Jogo_547,Ação,Xbox,2.564131751791818,3.171448991714927,Sim,7.0,54.644572240202095
Jogo_548,Ação,PlayStation,3.688294387623691,3.5249652803600906,Sim,13.0,90.83579356943059
Jogo_549,Ação,Mobile,3.074399765934098,9.866737349676304,Sim,15.0,45.73799486426673
Jogo_550,RPG,PlayStation,9.071998239935182,8.828594355292179,Sim,12.0,71.20529538913058
Jogo_551,RPG,Switch,2.5007352592984273,2.622375246334985,Sim,10.0,113.97034489024335
Jogo_552,Aventura,PC,5.310564592495143,9.094946293596825,Sim,8.0,49.86124157628157
Jogo_553,Puzzle,PlayStation,3.2492245343573662,1.452536001072666,Sim,9.0,134.68546040446125
Jogo_554,RPG,Xbox,1.9423004193591646,6.759000843914795,Não,14.0,73.56856567541512
Jogo_555,Ação,Switch,4.237964536079403,1.5913419998489982,Não,4.0,100.80217397830006
Jogo_556,RPG,Mobile,8.044865968765631,0.6571316545578625,Sim,14.0,96.79018187335728
Jogo_557,Aventura,Switch,2.7301437179591863,4.750708900995799,Não,,155.35205789502376
Jogo_558,Esportes,PlayStation,7.477067114573894,5.141517777743118,Não,16.0,69.97846832999343
Jogo_559,Puzzle,PC,9.974136011108484,0.3748935425532547,Sim,14.0,88.31915267276426
Jogo_560,RPG,PC,5.098293535778139,0.21071776069482556,Não,,187.1703849970678
Jogo_561,Esportes,Xbox,7.793656378476172,2.4118221908482633,Sim,18.0,108.47702409920149
Jogo_562,Puzzle,PlayStation,9.032299010020639,4.307902182463979,Não,13.0,111.83096233744854
Jogo_563,Aventura,Xbox,4.6598955114094665,4.988559643382505,Sim,15.0,36.44874044528571
Jogo_564,RPG,Switch,8.647540090198962,2.316910571231461,Sim,6.0,88.97142783298526
Jogo_565,Esportes,PlayStation,7.550709091176121,6.74900012257561,Sim,13.0,95.89138686325742
Jogo_566,Ação,PC,2.059888472342112,9.464976394792174,Sim,,175.11428760743564
Jogo_567,Puzzle,Mobile,2.6574357145596124,8.345975791967856,Sim,14.0,190.02816552429312
Jogo_568,Ação,PC,9.10925666946075,1.7185107536927762,Não,9.0,161.18989689987717
Jogo_569,Esportes,Switch,9.335141644381782,1.2451678062267566,Não,5.0,158.36777618041268
Jogo_570,Esportes,Mobile,4.264571091092646,7.513658962744198,Sim,5.0,30.898172711880186
Jogo_571,Ação,Mobile,9.936623410722914,0.3232309862151361,Sim,,136.05455391263698
Jogo_572,Ação,Mobile,2.9263233157735344,8.216762729753212,Não,10.0,121.89333056707437
Jogo_573,RPG,Xbox,6.993645086902196,3.679827536425234,Sim,7.0,51.47246780470514
Jogo_574,RPG,Mobile,9.330879535244975,9.295469409801948,Sim,8.0,66.27856789340518
Jogo_575,RPG,PC,5.701760483710682,1.765628119536905,Não,4.0,72.84956010885794
Jogo_576,Ação,PC,2.1677603771147917,6.771624886617136,Não,17.0,105.36931378650866
Jogo_577,Esportes,Switch,,7.576996740988892,Sim,4.0,64.91109540184596
Jogo_578,Aventura,Switch,9.903926884397332,3.1615059047155394,Não,9.0,165.8648153868571
Jogo_579,Esportes,Switch,2.538565489140076,9.357411247576282,Sim,17.0,61.40759289372156
Jogo_580,Ação,Mobile,6.993294330056387,0.8137053248095418,Não,15.0,49.11583996792328
Jogo_581,Ação,PC,3.918734852363098,0.9702951302123557,Não,,196.11259078432488
Jogo_582,Aventura,Mobile,2.7382498093044814,1.2336444680921657,Não,16.0,150.81914826328992
Jogo_583,Aventura,PlayStation,5.240583726359949,4.823649765367753,Sim,,113.54431205680899
Jogo_584,Puzzle,PlayStation,,7.551884375277688,Sim,6.0,47.34696388118291
Jogo_585,Esportes,Xbox,2.2826106911848396,8.847692710667628,Sim,15.0,45.03570857820206
Jogo_586,RPG,Switch,3.7160275558994655,4.581535177769001,Sim,,164.46571015081497
Jogo_587,Ação,Mobile,,4.015220776695939,Sim,10.0,189.40292250285677
Jogo_588,Ação,Xbox,5.122059348425864,1.4556442217208108,Sim,11.0,107.63783451127722
Jogo_589,RPG,Switch,8.798209188755365,8.657706611030262,Não,3.0,83.10422433393506
Jogo_590,Ação,Switch,3.102207394367597,9.220536802364593,Não,6.0,43.48961408497068
Jogo_591,Esportes,PC,,6.171701562033612,Sim,18.0,112.87786726676984
Jogo_592,Esportes,Switch,7.22638767266968,3.9115089623717307,Sim,17.0,130.028079186762
Jogo_593,Puzzle,PC,9.497045999470917,8.831395647989199,Sim,10.0,150.16124506208104
Jogo_594,Puzzle,Mobile,5.048659121544064,5.57195892798169,Sim,,44.2194898679493
Jogo_595,Puzzle,Switch,9.874969847387524,7.088879321664879,Não,10.0,62.84742822589561
Jogo_596,Aventura,Switch,8.643058037984861,7.8846947422696845,Sim,18.0,75.46929248221056
Jogo_597,RPG,Xbox,2.836342933312046,9.210566336223875,Não,9.0,59.85065920459485
Jogo_598,Aventura,Xbox,1.3534932919458036,3.8534082047032756,Sim,7.0,59.390883451146024
Jogo_599,Esportes,Xbox,,2.049622475570447,Não,9.0,162.07139867037722
Jogo_600,RPG,Switch,2.767926570611315,2.9422172509635445,Sim,,76.08920068776865
Jogo_601,Esportes,Xbox,,1.6553418121309376,Sim,3.0,92.22210822375457
Jogo_602,Esportes,Switch,5.3692958659507655,9.616492975934776,Sim,8.0,159.32498206144618
Jogo_603,Ação,PlayStation,3.465087071283296,0.34099792567227727,Sim,,75.56108259973757
Jogo_604,Esportes,PlayStation,6.205561319180639,6.537021253135967,Sim,18.0,120.53871105030979
Jogo_605,Aventura,Switch,9.801787585110597,5.040418970784648,Não,10.0,89.5255195961388
Jogo_606,Ação,PlayStation,3.364146681371307,7.415310290215029,Não,7.0,40.3200993038534
Jogo_607,Esportes,PC,7.355965739771733,8.647304709022592,Sim,3.0,152.11747059904025
Jogo_608,Puzzle,PlayStation,2.0607155654256797,8.924388933968618,Sim,17.0,119.23111165228045
Jogo_609,Puzzle,Switch,4.504942971241351,4.800593468045012,Não,14.0,77.84872303382808
Jogo_610,Ação,Mobile,5.026010448391064,3.7938406596432617,Não,11.0,135.73991929491385
Jogo_611,Esportes,Mobile,4.962142648882363,2.435498378275558,Sim,,102.14169964023242
Jogo_612,Ação,PC,8.1137859583013,4.731762043880145,Não,6.0,107.24964590919109
Jogo_613,Aventura,PC,5.470118507506143,9.3986373932543,Sim,14.0,122.57592353189716
Jogo_614,Esportes,Switch,7.402370575241938,7.621086059353394,Não,,119.02887769291942
Jogo_615,Esportes,PC,6.743695356722433,5.0998216528830955,Sim,13.0,76.09129744332682
Jogo_616,Ação,PlayStation,6.544472618197426,9.84481455823373,Sim,7.0,43.993705765116005
Jogo_617,Esportes,Switch,4.205630241526009,3.468589015703138,Sim,8.0,115.35350317845553
Jogo_618,RPG,Switch,1.6333743706667132,6.967996524528482,Sim,6.0,51.908427092057025
Jogo_619,Esportes,Mobile,3.6625180958994235,2.0440631421826114,Não,7.0,157.18199994573501
Jogo_620,RPG,PlayStation,7.00469655231054,8.026854641631745,Sim,11.0,101.34115612596585
Jogo_621,RPG,PlayStation,6.500635274191714,6.744359309871729,Sim,16.0,37.798662565844204
Jogo_622,Puzzle,Switch,3.4026427846332696,7.573118969006663,Não,4.0,177.45396497698349
Jogo_623,Esportes,PC,4.983503440077648,3.767822801607554,Sim,,42.69209640913292
Jogo_624,Aventura,Switch,1.5498645231502695,4.223768309514273,Sim,12.0,166.2948777179174
Jogo_625,Esportes,Xbox,3.293302520099488,1.2544050442448618,Não,16.0,193.02328268107084
Jogo_626,Aventura,PlayStation,8.892448076627353,6.627590968922613,Sim,4.0,96.01066442589098
Jogo_627,Aventura,Xbox,2.3237238086284067,9.772707209483631,Sim,4.0,137.1042522355789
Jogo_628,Puzzle,Switch,8.719395291848837,7.645822085670375,Sim,4.0,34.67578649876549
Jogo_629,Esportes,PC,7.715827114074011,6.017248055767117,Não,17.0,31.250370557606605
Jogo_630,Aventura,Switch,5.421596221516072,0.21431036809784287,Sim,,162.77742423474487
Jogo_631,Aventura,Switch,9.628943088892537,0.12383296437462882,Não,5.0,165.6004372091808
Jogo_632,Esportes,PlayStation,7.279231465001464,3.5839678132458763,Não,5.0,110.66639372639386
Jogo_633,Ação,Switch,9.541896650841746,6.009493882453185,Não,4.0,162.1649090499112
Jogo_634,RPG,PlayStation,7.842996531398644,2.330757921903555,Sim,13.0,128.70339219805692
Jogo_635,RPG,PlayStation,6.572753561182959,3.953885265276465,Sim,7.0,79.47130920502104
Jogo_636,Puzzle,Mobile,2.348040287775416,4.639115221111926,Não,17.0,130.93468092150945
Jogo_637,RPG,PC,8.688699080256523,7.63104307747841,Não,16.0,173.22928344904673
Jogo_638,Aventura,PC,2.5467974188829863,4.622256060036292,Sim,8.0,163.7660118971194
Jogo_639,Puzzle,Xbox,,7.315112334366605,Não,16.0,62.27900982778134
Jogo_640,Puzzle,Xbox,7.416369103886211,2.2323798624645175,Sim,11.0,184.22707656681405
Jogo_641,Esportes,Xbox,5.1239484129068185,9.092236335939695,Não,18.0,159.53796110918873
Jogo_642,RPG,Mobile,2.081976254233062,2.9547916202934443,Não,10.0,185.98543328040856
Jogo_643,Puzzle,PC,,7.7739759129638,Sim,10.0,170.2496993924866
Jogo_644,Ação,Xbox,3.9433271762129807,6.9282374985411925,Não,12.0,161.3180225386863
Jogo_645,Esportes,Xbox,5.2213825510368,2.2846375220037896,Não,4.0,53.897378492929164
Jogo_646,RPG,Mobile,9.957061960516118,1.453939528271865,Não,10.0,77.17845829149442
Jogo_647,Puzzle,Switch,9.3265526082034,5.690511153299436,Não,11.0,185.22830662326672
Jogo_648,RPG,Switch,7.70846030113957,6.237610412744903,Sim,17.0,136.3267917398043
Jogo_649,Esportes,Mobile,1.4669939409533594,2.19933621586849,Não,8.0,102.75747312529893
Jogo_650,Aventura,PlayStation,3.274102278364598,4.691523139617106,Não,8.0,58.802859934789225
Jogo_651,RPG,PlayStation,4.585018939171375,3.486895809098005,Não,7.0,159.9623145918563
Jogo_652,Puzzle,PlayStation,7.284453698427967,4.1471020319575675,Não,16.0,29.95479372302694
Jogo_653,Ação,Switch,5.41849496047467,0.3173538324367057,Sim,9.0,117.2445737347796
Jogo_654,Esportes,Mobile,8.389513922736093,0.8526909225170813,Sim,14.0,56.29011522543956
Jogo_655,Ação,Xbox,7.873133460427127,9.818116460401281,Não,,122.67586731728494
Jogo_656,Puzzle,PC,1.8963696560310357,9.883080732097776,Sim,11.0,123.70468835706887
Jogo_657,Aventura,Switch,,7.715674621160184,Não,8.0,137.830270789015
Jogo_658,Puzzle,Switch,4.5164081944772345,0.40279476361810174,Não,,181.34399586377538
Jogo_659,Puzzle,Xbox,2.965243163094881,8.413247165350196,Sim,11.0,60.539089080616634
Jogo_660,Aventura,Mobile,3.733878545757352,7.46164661551648,Sim,4.0,170.3127662965538
Jogo_661,Aventura,Mobile,,2.879786415266801,Sim,13.0,145.73609991646663
Jogo_662,RPG,PlayStation,,2.3489302724245658,Não,14.0,59.500843129890924
Jogo_663,RPG,Switch,2.4169309542480475,6.479630214294797,Sim,7.0,60.40931752512056
Jogo_664,Puzzle,Switch,7.118636399966862,1.4809638227025976,Sim,4.0,117.49488534157626
Jogo_665,Puzzle,PC,6.629848205977354,6.830228402289154,Não,6.0,31.33404253909156
Jogo_666,Aventura,Xbox,5.7153097211077855,4.850194879420085,Sim,3.0,108.66017247967667
Jogo_667,Ação,Mobile,2.9846656579140984,9.29149901476126,Sim,6.0,124.96189706748689
Jogo_668,Puzzle,Switch,8.471587718925136,1.1241645816416148,Sim,7.0,117.53607470349974
Jogo_669,Ação,PlayStation,1.8669273260142112,6.23104339196982,Sim,18.0,54.44638620434637
Jogo_670,Esportes,PlayStation,9.71535832863107,2.3480979075657027,Não,17.0,186.18360655234355
Jogo_671,RPG,Xbox,4.376591490724666,1.483830810990204,Não,7.0,103.87180702568952
Jogo_672,Esportes,PlayStation,8.312521738339479,7.112603505743609,Não,9.0,52.49815662963009
Jogo_673,Aventura,Mobile,7.047410600818465,3.961428501571089,Sim,7.0,169.46714195172075
Jogo_674,Esportes,PC,1.3166134531665945,1.7317565701630628,Sim,12.0,175.58583437393298
Jogo_675,Aventura,PlayStation,3.8529367005806963,9.566828431589908,Não,16.0,106.0579606648678
Jogo_676,Ação,Switch,1.2988319047045622,4.896970701770325,Sim,11.0,128.67870911267417
Jogo_677,Esportes,Switch,8.589987909546425,5.288740727205121,Sim,,39.61944646767678
Jogo_678,Ação,Xbox,6.444158270004926,8.71454398716676,Sim,16.0,59.43248794076459
Jogo_679,Aventura,PlayStation,8.787961760245217,5.08961701962435,Sim,10.0,189.7529880020422
Jogo_680,Esportes,Xbox,7.676091085253661,9.099756999781354,Não,10.0,88.50185437890568
Jogo_681,Puzzle,PC,2.138692379489991,6.9358908390319,Não,14.0,136.16618470158798
Jogo_682,Puzzle,Switch,7.742674161259807,2.3516828307280715,Sim,12.0,114.98254705204141
Jogo_683,Aventura,PC,6.135656159812631,3.9544832259927967,Não,,137.6494542016711
Jogo_684,Aventura,Switch,1.4258422022285036,7.361215914334419,Não,18.0,163.61684685052978
Jogo_685,RPG,Mobile,8.376330493152059,0.5741555583321694,Sim,15.0,193.0458416578518
Jogo_686,RPG,PC,6.546753115667279,6.373903660890164,Não,11.0,91.38175072219406
Jogo_687,Ação,Switch,1.9314264208852614,9.376927036263133,Não,14.0,64.52522053611244
Jogo_688,Esportes,PC,1.5742480005523256,5.746340034614382,Não,17.0,171.38524521571807
Jogo_689,Aventura,Switch,1.2922571574759152,4.782310835942525,Não,18.0,57.74514052925798
Jogo_690,Puzzle,PlayStation,9.806282402559951,8.798607896904096,Não,7.0,144.51935425640733
Jogo_691,Aventura,Mobile,9.534504402348297,3.574762956469057,Sim,17.0,146.5267560164033
Jogo_692,Aventura,PlayStation,9.664649617677984,1.42461613670951,Não,12.0,58.40411665026626
Jogo_693,Ação,Xbox,9.029026589932537,9.975967505654445,Não,6.0,84.46397785411345
Jogo_694,RPG,PlayStation,7.856973348284211,8.82810533619198,Não,11.0,49.53095071155214
Jogo_695,Esportes,PC,2.7694243426066305,9.854067474877562,Sim,11.0,133.4732395053981
Jogo_696,Puzzle,PlayStation,7.631443706337157,0.8047843716429842,Sim,14.0,148.88055782751726
Jogo_697,Aventura,Xbox,4.994501691669214,3.9414907372785803,Não,3.0,89.41982004574685
Jogo_698,Aventura,Switch,3.290861784018146,9.389976123948422,Sim,15.0,162.08391825224967
Jogo_699,Ação,PlayStation,7.431765920072255,0.14738298301263766,Sim,11.0,88.46014211608798
Jogo_700,Aventura,Mobile,2.1414539771081786,1.4131510139984484,Não,17.0,102.10559699168593
Jogo_701,Puzzle,Switch,2.3493475511798514,9.504576296041465,Não,3.0,109.77735498509355
Jogo_702,Aventura,PC,3.7546936255783514,9.500258780552702,Não,11.0,81.38943224437755
Jogo_703,Aventura,PlayStation,8.968480236244556,7.624951771334127,Não,6.0,168.1074297750391
Jogo_704,RPG,PlayStation,8.536888331413898,3.521411545063637,Sim,16.0,163.99772992013138
Jogo_705,RPG,PC,7.512445002757408,2.801330242343798,Não,9.0,121.45613319202099
Jogo_706,Puzzle,Xbox,5.908669844260084,8.743843154918965,Não,6.0,108.17792788737242
Jogo_707,RPG,PlayStation,9.491169016237023,8.264030756178322,Não,9.0,170.23930776557
Jogo_708,Puzzle,Switch,3.317956979995419,2.505101056101957,Não,,123.71025927386145
Jogo_709,Puzzle,PlayStation,9.001647995728408,5.451182925229051,Não,7.0,110.19978060696567
Jogo_710,Esportes,PC,,2.0335998968910354,Não,3.0,147.73431677813323
Jogo_711,Ação,Switch,5.242230554715387,4.758789337824721,Não,5.0,140.76891709191088
Jogo_712,Puzzle,PlayStation,5.5419501360122325,8.470644243684646,Não,15.0,165.40316758892712
Jogo_713,Esportes,Switch,1.0142064323412878,7.652526912664409,Sim,6.0,184.9356269279978
Jogo_714,RPG,Switch,9.73997466653628,7.988122637401596,Sim,12.0,170.03931855738577
Jogo_715,Esportes,PlayStation,4.019621546954335,8.633989497105254,Sim,16.0,76.08102969176585
Jogo_716,Ação,Xbox,,5.153675194775126,Sim,7.0,113.54659198584383
Jogo_717,Aventura,Xbox,4.461433796676973,0.15863095997841786,Sim,5.0,146.05920835391015
Jogo_718,Esportes,Mobile,2.164612837758133,1.1412845117172543,Sim,15.0,91.9309473821653
Jogo_719,RPG,Mobile,6.725942061296905,2.3552649464150837,Sim,11.0,154.7820407463366
Jogo_720,Puzzle,PlayStation,9.866201154440706,5.650981713705952,Sim,18.0,183.514213002269
Jogo_721,Aventura,Switch,9.482144362327436,3.46093600902577,Sim,,160.86516185459652
Jogo_722,RPG,Xbox,9.928042936270286,1.9358606397888283,Não,9.0,100.84715297438402
Jogo_723,RPG,Mobile,2.676520414510609,5.029135399738316,Sim,3.0,171.30099344406582
Jogo_724,Aventura,PC,,9.498832139814636,Sim,7.0,150.0652987535471
Jogo_725,Ação,Xbox,3.5627830497532567,6.272065662065309,Não,16.0,198.3518255252542
Jogo_726,Esportes,Mobile,9.351501015968333,3.167467693966455,Não,14.0,92.13374997524801
Jogo_727,Aventura,Mobile,5.863445032157843,4.443628101019888,Sim,,72.25330018418819
Jogo_728,Puzzle,Xbox,2.1163977734972823,1.857888402035672,Sim,8.0,184.73483031834945
Jogo_729,Aventura,PlayStation,6.976810269461739,7.70860690585527,Sim,17.0,113.65064854669095
Jogo_730,Esportes,PlayStation,,1.0165872506498894,Não,16.0,48.66886090120147
Jogo_731,Aventura,PlayStation,9.956855660216847,7.3897103467976235,Não,13.0,113.66036087723612
Jogo_732,RPG,Xbox,1.4952963769045349,8.865606661215688,Não,17.0,148.8885127139966
Jogo_733,Ação,PlayStation,,6.348324393351606,Sim,16.0,75.37405734386088
Jogo_734,Ação,Xbox,8.670780481407139,7.722727246318031,Sim,11.0,119.45980250539404
Jogo_735,Aventura,Switch,9.152498857503854,8.773009997195857,Sim,8.0,184.5736529716526
Jogo_736,Esportes,Mobile,9.235779400621688,1.7229105801411622,Não,14.0,116.6248032653518
Jogo_737,Esportes,Xbox,1.902429923241618,6.122765733148786,Sim,14.0,139.13957346703282
Jogo_738,Aventura,PlayStation,9.267577684926719,2.580557187772712,Sim,7.0,163.78408197218866
Jogo_739,Esportes,Switch,1.8751057215523685,5.278526515983305,Sim,11.0,156.13522665002915
Jogo_740,RPG,Switch,,1.9571084653877113,Não,10.0,31.105696228885343
Jogo_741,Puzzle,PlayStation,8.569865647736915,3.5634156961943333,Não,8.0,48.61258896245842
Jogo_742,Esportes,Xbox,9.389934072232428,6.5702078179927295,Sim,7.0,56.043553693847414
Jogo_743,Aventura,Xbox,6.13656081862966,8.733638889913797,Não,17.0,83.22954006519524
Jogo_744,Puzzle,PC,5.292355563432451,7.072233850287693,Sim,17.0,141.75564600073113
Jogo_745,Aventura,Mobile,9.352696219975389,5.029305757049201,Sim,18.0,96.97348866084485
Jogo_746,Aventura,Switch,5.494167352674323,3.824393487962712,Sim,5.0,186.6141627921327
Jogo_747,Puzzle,Mobile,1.420213803942728,2.1651167499424844,Sim,16.0,144.53654819347733
Jogo_748,Aventura,Mobile,5.488705113884804,2.6344542540744897,Não,12.0,188.49037012151405
Jogo_749,Puzzle,Xbox,2.336536480082988,0.48464015714330255,Não,4.0,135.028380700649
Jogo_750,Aventura,Mobile,4.915619169944946,5.258406805470097,Não,,74.74187221139479
Jogo_751,RPG,Mobile,,9.864388364020876,Sim,7.0,180.35973309632908
Jogo_752,Ação,Xbox,,1.3112837779290696,Sim,,76.25760563014877
Jogo_753,RPG,PC,,8.023895040170661,Sim,4.0,198.32851584783361
Jogo_754,Esportes,Mobile,8.760198568009244,9.963938360206434,Sim,13.0,67.83766845816054
Jogo_755,RPG,Mobile,4.502641700728403,6.816330737171119,Não,12.0,154.4584120113143
Jogo_756,RPG,PlayStation,,9.766698495793312,Sim,11.0,191.6205006569466
Jogo_757,Aventura,Switch,9.615898705144497,3.325420234010364,Não,11.0,94.94793813744462
Jogo_758,RPG,Switch,8.899040089198639,5.864542019105446,Sim,,157.91012121779914
Jogo_759,RPG,PlayStation,8.514404180675623,3.566245930879686,Sim,,68.42055645557802
Jogo_760,Ação,PlayStation,3.9496528458034192,8.329383742855914,Sim,3.0,189.8619980566098
Jogo_761,Aventura,Xbox,8.422158051182123,7.929492022820482,Não,7.0,95.00308494745423
Jogo_762,Puzzle,Switch,4.454999060426579,4.020869056791429,Não,4.0,32.54982681742378
Jogo_763,Esportes,PC,3.3441000451262526,7.640168500756226,Sim,6.0,172.40384918976014
Jogo_764,Puzzle,Mobile,6.065140118861069,1.0919189791742963,Sim,4.0,89.87538272327463
Jogo_765,Puzzle,Mobile,1.8438272813062844,4.737833674920963,Sim,18.0,82.164583412519
Jogo_766,Ação,Xbox,2.468967281140656,4.710573584948071,Sim,10.0,152.8553103769252
Jogo_767,Ação,PlayStation,,7.451491739469039,Sim,11.0,170.83961504321937
Jogo_768,Aventura,PlayStation,,8.816685298925753,Sim,3.0,48.50084681447443
Jogo_769,Aventura,Mobile,2.502777038900951,2.577368453247314,Não,6.0,33.831918650834574
Jogo_770,Esportes,PlayStation,,5.530093271130698,Sim,5.0,117.88381844571472
Jogo_771,Ação,PlayStation,9.952793006661306,4.041162883527802,Não,13.0,150.70018437275553
Jogo_772,Ação,Switch,1.31788664682578,8.410944999129356,Não,11.0,77.92687464143722
Jogo_773,Ação,Mobile,7.320774298810498,5.644896915484833,Não,6.0,60.5136023016047
Jogo_774,Ação,Xbox,5.270365642815236,5.146570776066977,Sim,10.0,43.67583873592304
Jogo_775,Ação,PC,,1.4879700490104475,Não,12.0,126.98683675745852
Jogo_776,RPG,Xbox,,5.8830704094235875,Sim,18.0,152.97008669871423
Jogo_777,Esportes,PlayStation,3.466057665078682,8.58319176979582,Não,17.0,105.0939470294945
Jogo_778,RPG,PlayStation,7.801015304861304,4.462462449464424,Sim,14.0,37.7840333511111
Jogo_779,Aventura,Mobile,3.3017532705306105,9.259193609710879,Não,17.0,197.98562277235396
Jogo_780,Aventura,Mobile,4.031743408548248,6.973604303250403,Sim,9.0,79.67232030684607
Jogo_781,RPG,Xbox,3.9412952783688855,7.137195898707394,Não,12.0,115.06230968718162
Jogo_782,Ação,Switch,9.51797679449029,9.895520571970934,Sim,8.0,48.44024132419291
Jogo_783,RPG,PlayStation,7.4670086838979115,5.077486842062881,Não,,93.15351000698483
Jogo_784,Esportes,PlayStation,1.163043280462073,0.9634374706792321,Não,17.0,103.40426141375897
Jogo_785,Aventura,PlayStation,1.8965974039148827,3.346232616192096,Não,10.0,102.58473181000429
Jogo_786,Ação,Mobile,5.061659207364454,2.059033292355615,Não,15.0,64.87267992444542
Jogo_787,Ação,PC,3.135626788851616,9.000929449549048,Sim,18.0,112.18665995045902
Jogo_788,RPG,Switch,,9.884319489302708,Não,11.0,150.1668922277911
Jogo_789,Puzzle,PC,5.629432963635713,9.670927686829147,Sim,9.0,67.3288214683806
Jogo_790,Aventura,Switch,8.183751491518837,5.263581392115301,Não,15.0,145.40545500015276
Jogo_791,Ação,Xbox,3.0023157562765475,9.752298678626696,Não,9.0,193.56065736556144
Jogo_792,Aventura,PC,6.143626694425082,4.150594992695367,Não,14.0,137.05814289206086
Jogo_793,Aventura,Mobile,9.102579170615337,9.192870809231302,Sim,11.0,150.3730101780527
Jogo_794,Ação,Switch,3.6535532125269565,4.059549391597861,Não,,158.3600816005817
Jogo_795,Puzzle,PC,1.1822995993333814,2.539060195399707,Não,13.0,182.97701415719317
Jogo_796,Puzzle,PC,1.525311156276206,0.18335928431550597,Sim,3.0,60.899012307579625
Jogo_797,Esportes,PlayStation,6.252194785237294,4.5903627651964465,Não,10.0,42.27196727539382
Jogo_798,Ação,Switch,1.3240180032628228,9.862224072061675,Não,10.0,187.7525833519918
Jogo_799,Ação,Switch,1.6450842732580808,2.7974968629826042,Sim,15.0,49.993302784288325
Jogo_800,Ação,PlayStation,8.795031622213276,2.865107026090536,Não,12.0,153.34852599551573
Jogo_801,Puzzle,PlayStation,9.029431563409991,3.7355120492105756,Não,14.0,40.08350027050534
Jogo_802,RPG,Mobile,3.6905430186385604,9.821475193351416,Não,15.0,181.82514738366984
Jogo_803,Esportes,Mobile,7.626914164179733,7.55913842505315,Sim,,144.05400224917935
Jogo_804,Esportes,PC,2.8598404380155897,4.917879329222467,Sim,14.0,162.61724571218272
Jogo_805,Aventura,Xbox,8.377358676157272,2.701441193742792,Não,7.0,143.11317789658094
Jogo_806,RPG,PC,9.962549524007596,2.176158505032065,Não,14.0,62.98556226292455
Jogo_807,Ação,Mobile,3.1834073675113914,8.1314183717624,Não,13.0,39.82912188033085
Jogo_808,RPG,Switch,,1.0106751619135474,Sim,18.0,68.83580371309012
Jogo_809,Ação,Switch,1.1051343613074116,1.0177008443060604,Sim,9.0,46.89304757282403
Jogo_810,RPG,Mobile,8.060449509903506,3.221403053027136,Não,14.0,98.37437829829565
Jogo_811,Puzzle,Mobile,1.1695487827165607,5.408337974862496,Sim,5.0,111.23924804116851
Jogo_812,Esportes,PlayStation,2.1996129342153887,6.785405101246519,Não,14.0,36.12031926538341
Jogo_813,Puzzle,PC,7.534609674313967,7.10170519080537,Não,17.0,63.88138052785527
Jogo_814,Puzzle,PC,7.676066191062024,6.30133696059096,Sim,8.0,146.57307224664174
Jogo_815,Puzzle,PC,1.6175849655249674,7.346314348634042,Sim,15.0,106.2126420640218
Jogo_816,Aventura,PC,,2.1242830842652314,Não,4.0,173.4974239989205
Jogo_817,Puzzle,Xbox,8.516530036284674,5.382244580944692,Não,15.0,84.58052571670332
Jogo_818,Puzzle,Switch,9.974359161191806,9.960793908505908,Não,11.0,149.47243836122058
Jogo_819,Esportes,Switch,9.318840390301064,3.216516281519046,Não,14.0,177.6966070199485
Jogo_820,Ação,Mobile,1.5234638276812889,6.094939603978253,Sim,5.0,48.005260188932276
Jogo_821,Ação,Switch,6.214367365292195,7.107889444828279,Sim,5.0,126.74151594182825
Jogo_822,Ação,Xbox,2.0985872320249905,8.70456606210252,Sim,3.0,138.89801322539725
Jogo_823,RPG,Xbox,4.301056915877897,8.208223290112468,Sim,11.0,186.7997328452749
Jogo_824,Esportes,Xbox,2.6064610509704993,6.000642893001028,Sim,13.0,137.89353541313235
Jogo_825,RPG,Xbox,2.1783733510571865,0.7952112825077,Não,,138.15295333705035
Jogo_826,Ação,Switch,2.003980778152377,6.358040965998379,Sim,8.0,47.496585799986036
Jogo_827,Esportes,Switch,9.169050555950468,4.206840758500091,Sim,4.0,147.50864089328067
Jogo_828,RPG,PlayStation,1.3460991585563153,7.712983621787698,Não,7.0,120.30202097123396
Jogo_829,Ação,Switch,9.470951122544975,7.021830274398785,Não,,73.27715944174699
Jogo_830,Ação,Xbox,1.7457785931819387,0.20064392598899233,Sim,18.0,171.13948103883243
Jogo_831,Ação,Mobile,6.236754825179689,9.297626890665919,Sim,9.0,70.34544635583967
Jogo_832,RPG,PlayStation,8.769809294230065,7.252766528023048,Sim,17.0,94.75597306055278
Jogo_833,Aventura,PlayStation,2.3954164919468193,3.4576024439682147,Sim,8.0,67.79990753784426
Jogo_834,Puzzle,PlayStation,2.8263336716019736,2.185194850440736,Não,6.0,154.72673987693787
Jogo_835,Ação,Switch,1.5543011281592922,3.69192285349151,Sim,15.0,72.0281883446001
Jogo_836,Aventura,PlayStation,9.799127518494382,5.6931021033022295,Sim,12.0,73.77400521185993
Jogo_837,RPG,PlayStation,9.283910799573475,3.5939050615458754,Não,7.0,172.69999774376734
Jogo_838,Aventura,PlayStation,9.769861723190822,9.554116794750522,Sim,13.0,37.97278708887054
Jogo_839,Ação,PlayStation,,1.5579699275061953,Sim,,52.310933136232606
Jogo_840,RPG,PlayStation,8.024716246267062,2.991164301905125,Não,7.0,132.1018801339729
Jogo_841,RPG,Switch,9.015246648352967,2.3307330853757287,Sim,5.0,150.52557088979069
Jogo_842,Puzzle,Xbox,8.140913085726604,3.1744743679143865,Sim,14.0,74.10344590655542
Jogo_843,Puzzle,PlayStation,6.688262560173235,4.829573634548997,Não,9.0,110.9257463431858
Jogo_844,Esportes,PlayStation,2.4137219879625436,7.691130911351868,Sim,9.0,63.24399396244494
Jogo_845,Aventura,Switch,3.6597119613250975,8.12004414620754,Sim,16.0,157.7910399775088
Jogo_846,Esportes,Switch,9.435560662015222,2.058422868840351,Sim,7.0,191.72087082703337
Jogo_847,Esportes,Switch,4.649105599485329,7.017147401529878,Sim,16.0,180.3496927930236
Jogo_848,Ação,PlayStation,4.374313167662185,2.088864308321695,Não,12.0,46.99935259320989
Jogo_849,Ação,PlayStation,3.4138338250932883,8.574177107511074,Sim,17.0,137.12355081535324
Jogo_850,Esportes,Xbox,1.1078594979054692,4.663428264043633,Sim,10.0,102.92107464353677
Jogo_851,Puzzle,PC,1.092517699871417,0.5883824002094717,Sim,7.0,58.7272153217329
Jogo_852,RPG,PC,6.961476847852101,0.3564336833039038,Não,5.0,154.35863724076705
Jogo_853,Aventura,PC,5.352396287668255,9.899891917114644,Não,,173.81175874704158
Jogo_854,RPG,PC,9.290850410418232,6.680682786009379,Sim,8.0,73.16954093187856
Jogo_855,RPG,Mobile,1.293157063270015,4.500395154733225,Sim,9.0,83.54430161248715
Jogo_856,Ação,Switch,,4.099640114724075,Não,7.0,60.042539035913485
Jogo_857,Esportes,PlayStation,8.839424255450982,7.028470810904756,Não,10.0,111.20579907426102
Jogo_858,Esportes,PC,,5.71648921169406,Não,5.0,135.16826307859404
Jogo_859,Ação,PlayStation,,2.2631104985201236,Sim,14.0,194.2479661985108
Jogo_860,RPG,Switch,7.810105228567646,8.475776646498577,Sim,,157.59666347539599
Jogo_861,Esportes,PC,9.086310136006281,3.028789476361324,Não,11.0,92.65766041013413
Jogo_862,RPG,PlayStation,,1.07991753280451,Sim,6.0,143.8713306349567
Jogo_863,Esportes,Xbox,9.892850301773594,6.8468169678608515,Sim,17.0,194.06694209243233
Jogo_864,Aventura,PC,7.799846365661501,7.5473907637042705,Não,7.0,56.63920264636769
Jogo_865,Aventura,Xbox,7.4725639687784,8.88009265527153,Não,12.0,93.80421184636168
Jogo_866,Esportes,Mobile,1.5752761781785325,4.76160418200879,Sim,18.0,110.88306381016258
Jogo_867,Aventura,PlayStation,2.8244632408070047,7.52019440919817,Sim,9.0,80.52053354048593
Jogo_868,Esportes,Xbox,3.432382518949298,4.045057124254437,Sim,3.0,129.50289214896787
Jogo_869,RPG,Mobile,6.873418674612052,9.355251775106538,Sim,17.0,174.073305210269
Jogo_870,Ação,Mobile,,0.7647025194369509,Sim,,30.08861025346045
Jogo_871,RPG,Mobile,2.8775582555585277,1.0420669654300312,Não,17.0,170.4421274778977
Jogo_872,Aventura,Switch,4.571033352186168,2.2540535178588046,Sim,,174.3349727066468
Jogo_873,RPG,Xbox,1.7004644405868579,7.622567103125651,Não,15.0,165.30143491430746
Jogo_874,Ação,Switch,4.02692029776882,4.535518775219054,Sim,17.0,56.02513488639554
Jogo_875,Ação,Switch,1.3849800681089195,5.322783278258764,Sim,7.0,46.403564615567134
Jogo_876,Ação,PC,9.275964836004174,4.18580547917921,Não,17.0,57.26338367313626
Jogo_877,Esportes,Mobile,6.772304467787036,5.479195710572411,Não,5.0,189.2803152484341
Jogo_878,Ação,Switch,8.732748949625488,1.171483309970702,Sim,10.0,140.40493102022748
Jogo_879,Ação,PC,2.932351706228117,3.957190477772581,Não,11.0,52.03978479100833
Jogo_880,Esportes,Xbox,7.103341572670118,1.1879000353726983,Não,6.0,171.24059491655362
Jogo_881,RPG,Mobile,3.2684343709737846,1.2161232791875887,Não,9.0,154.6960459120229
Jogo_882,Puzzle,Switch,1.659913768172069,6.473549868579738,Sim,,76.88657896799265
Jogo_883,Aventura,PlayStation,3.819878835317339,4.770868873713118,Não,10.0,165.75567759551498
Jogo_884,RPG,PC,6.20817154528677,0.6397008187775025,Não,12.0,88.10423064228647
Jogo_885,Ação,PlayStation,4.332684621794241,5.551809071212937,Não,4.0,33.972294819310456
Jogo_886,Esportes,Mobile,7.3000002842658835,8.994463526554748,Não,17.0,89.76406980169521
Jogo_887,Esportes,Mobile,,2.150572047339385,Não,12.0,179.0084944578355
Jogo_888,Puzzle,PC,3.902154093337288,6.183818999594845,Sim,4.0,119.9699127822795
Jogo_889,RPG,Switch,4.7634032641664215,9.875611189418093,Sim,10.0,158.4439679392955
Jogo_890,Esportes,Switch,1.21241065880547,4.193088282772396,Não,10.0,195.21550273447795
Jogo_891,Aventura,Xbox,7.111217609537567,0.957976188213779,Sim,9.0,193.4838743626039
Jogo_892,Esportes,Xbox,1.840086649169399,4.964789562011174,Não,13.0,149.23482670061426
Jogo_893,Puzzle,PC,6.73226498857885,1.171501452400608,Sim,12.0,156.25475292640715
Jogo_894,Ação,Switch,,4.724975645476943,Não,18.0,123.14963779872537
Jogo_895,Ação,PlayStation,1.8728095395161524,5.486416477102631,Sim,17.0,146.656582251636
Jogo_896,RPG,Xbox,4.600558798348603,6.385162024980232,Não,18.0,151.67666334749939
Jogo_897,Aventura,Mobile,8.224116258802798,8.763971580670216,Não,17.0,79.39203607666528
Jogo_898,RPG,PlayStation,7.68323033070609,2.342541297412356,Sim,15.0,41.35210336219526
Jogo_899,Esportes,PlayStation,8.126231188029621,1.0967011295920195,Sim,16.0,96.58213921372388
Jogo_900,RPG,PC,7.515829377287246,3.324914584354932,Não,6.0,54.33680126450176
Jogo_901,RPG,Xbox,6.1351423785572,2.1090408712562314,Sim,15.0,119.74822749028507
Jogo_902,Puzzle,PlayStation,1.3505583461997637,3.067022656191865,Sim,16.0,89.66775893097312
Jogo_903,Esportes,PC,9.682257413897398,6.36616482868799,Sim,10.0,137.32239033171635
Jogo_904,Esportes,PC,9.331361534642722,4.215170696222365,Sim,9.0,73.26557335892448
Jogo_905,Puzzle,Switch,5.384725735085789,3.777247908241997,Não,14.0,98.39894415186615
Jogo_906,Esportes,PlayStation,6.534569908796077,3.5415364420897064,Sim,18.0,81.48199642266567
Jogo_907,RPG,PC,5.644967622280655,5.05042783006636,Não,8.0,102.33771721867271
Jogo_908,Aventura,PlayStation,1.766700264638399,1.8105824154218602,Sim,16.0,168.19181571328986
Jogo_909,Aventura,PC,3.206487893900129,4.291297901267675,Sim,11.0,137.1355205332803
Jogo_910,Ação,PC,5.686051591663189,8.331872510816861,Sim,8.0,164.01770106102873
Jogo_911,Aventura,Xbox,3.2872785813753675,2.125054111916607,Sim,14.0,121.54125953744202
Jogo_912,Puzzle,PlayStation,3.6022420293029382,0.8153745772239057,Não,7.0,189.95741367351104
Jogo_913,Esportes,Xbox,9.63283060695509,0.12133733895209559,Sim,15.0,40.726360817724085
Jogo_914,RPG,Mobile,6.285798007451201,8.09022425677387,Não,10.0,103.73467079966039
Jogo_915,RPG,PlayStation,5.280138033814814,1.971112575583777,Sim,13.0,186.58356369500973
Jogo_916,Ação,Mobile,9.431288924376792,9.48300662236182,Sim,7.0,63.21905659096751
Jogo_917,Aventura,PlayStation,3.6148370606739544,7.664576905350125,Sim,16.0,196.71868082644843
Jogo_918,Aventura,Xbox,5.477568990988311,0.6938744895925056,Não,4.0,91.3145908479643
Jogo_919,Ação,PlayStation,7.42523695701958,4.885401683803067,Não,13.0,61.580405711574244
Jogo_920,Esportes,PlayStation,4.993631012159862,3.520460402442324,Não,12.0,45.82904933590473
Jogo_921,Aventura,PC,7.219497574421538,3.2728492882178735,Não,5.0,173.9701050903884
Jogo_922,Ação,PC,2.6743754239034194,0.931588878972273,Sim,11.0,162.40530442850294
Jogo_923,Aventura,Switch,4.494075451462759,2.449723928598418,Sim,6.0,42.59306570941864
Jogo_924,Puzzle,Mobile,6.692094111533339,6.702899226911409,Sim,11.0,126.78663561017035
Jogo_925,Esportes,Mobile,1.2598187032623123,3.574773864973995,Sim,4.0,168.13519170932685
Jogo_926,Ação,Xbox,1.606680801437705,8.748875702699102,Não,,52.46418106764253
Jogo_927,Ação,Xbox,4.0665550473040755,4.485337802427891,Sim,18.0,91.47003595125929
Jogo_928,Aventura,PC,3.316531908987977,5.990000510730888,Não,8.0,185.83059142379318
Jogo_929,RPG,Mobile,2.0885435247924766,1.985079508496263,Não,14.0,57.61298196087163
Jogo_930,Esportes,Xbox,6.410345058886755,7.279335146595382,Sim,4.0,52.85833946382045
Jogo_931,Puzzle,Switch,9.122394116097317,5.432110747092873,Sim,4.0,114.27062196013196
Jogo_932,Esportes,PC,6.610147691984358,9.528189212745858,Não,3.0,180.4699532957428
Jogo_933,Esportes,Switch,5.59474960501486,2.1282287666658095,Não,9.0,43.937069443107596
Jogo_934,RPG,PC,7.521862112445643,8.262715727850052,Não,12.0,137.39226229939848
Jogo_935,Ação,Mobile,9.256343639036432,8.649433065632838,Sim,5.0,104.96153111866454
Jogo_936,RPG,Switch,6.5191485549243575,4.717271568933266,Não,18.0,169.2457099202805
Jogo_937,Esportes,Switch,4.193177211854613,4.076337479745191,Não,,129.6515863688809
Jogo_938,RPG,Mobile,1.695456071196928,1.4123874705703754,Não,8.0,75.83596927485499
Jogo_939,Aventura,Mobile,6.941089098565358,9.772681300207703,Não,14.0,50.174465529553665
Jogo_940,RPG,PC,,7.271686998262772,Sim,17.0,53.23187338287697
Jogo_941,Aventura,PC,7.424605942974153,7.121528170204222,Sim,13.0,163.61474551074508
Jogo_942,Ação,Mobile,,1.1316602870533898,Não,14.0,99.31261595156161
Jogo_943,Ação,Mobile,3.757771436824175,2.9374171422939996,Não,15.0,104.47321340528484
Jogo_944,Esportes,Switch,6.063424244168026,8.40542210318508,Sim,6.0,37.52662251761666
Jogo_945,Aventura,Xbox,5.831422939592385,0.903279637943639,Sim,4.0,137.80329604580191
Jogo_946,Puzzle,Xbox,6.176152182063668,6.113452701706274,Sim,15.0,160.1347284032891
Jogo_947,Esportes,PlayStation,3.8127908748476864,9.981305016374874,Sim,18.0,49.99938948748614
Jogo_948,Puzzle,Xbox,5.94155878722934,6.895277592826644,Não,14.0,192.88864582947886
Jogo_949,RPG,PC,4.636641945726046,8.893419149132601,Sim,17.0,139.9249669735911
Jogo_950,Aventura,Xbox,9.527297372498444,2.6220540371032985,Sim,12.0,174.28909907343362
Jogo_951,Puzzle,Mobile,1.9224956471924028,9.819798461475603,Sim,18.0,131.35347857211977
Jogo_952,Aventura,PlayStation,2.6539655428183404,8.69300407934304,Sim,3.0,184.4938556601312
Jogo_953,Aventura,Switch,4.066421974007061,9.106567548220715,Não,4.0,161.21652895914195
Jogo_954,Puzzle,Mobile,6.0698838993009385,1.1827573478724218,Não,15.0,167.51579173656341
Jogo_955,Puzzle,PlayStation,6.270040244745777,2.660832075431655,Não,,112.10968182408942
Jogo_956,Puzzle,PC,1.989459768157917,4.421800665660441,Sim,18.0,140.67653739158794
Jogo_957,RPG,PC,4.5600050509260495,6.162275414086883,Sim,16.0,148.82559840328352
Jogo_958,Puzzle,PC,3.3434674495812224,9.310364081520184,Não,4.0,108.30875556396484
Jogo_959,Puzzle,PC,5.633949821011221,5.5324793026599295,Sim,9.0,103.53241678798554
Jogo_960,Esportes,PlayStation,7.161498507613233,6.672692155031075,Sim,7.0,77.59554367191342
Jogo_961,Esportes,PlayStation,7.951186666739538,9.569371823274597,Sim,15.0,95.3641544867119
Jogo_962,Ação,Xbox,1.189191848974641,4.68678399899696,Sim,12.0,105.68234048922315
Jogo_963,Puzzle,Switch,9.677469213549639,9.260903030904933,Sim,5.0,118.12647508938164
Jogo_964,Ação,PC,4.305036821118592,1.2928177405318442,Sim,10.0,163.8001103230118
Jogo_965,Ação,Xbox,7.09841414100666,5.884793098871423,Sim,13.0,123.10913617426078
Jogo_966,RPG,Switch,4.035955169025015,2.5321505315273063,Não,13.0,193.74904766267176
Jogo_967,Esportes,PC,,8.831131335156591,Sim,14.0,158.2057913041091
Jogo_968,Ação,PC,4.99558857270548,6.6651787337914525,Sim,9.0,53.18315096703242
Jogo_969,Puzzle,PlayStation,9.524075378857946,3.0734546674339827,Não,16.0,141.70971053524832
Jogo_970,RPG,Mobile,1.149078166900759,0.4403871334861653,Sim,,85.24930317388377
Jogo_971,Esportes,Switch,4.565183282095607,7.625421589260477,Não,14.0,133.76241771698096
Jogo_972,RPG,Xbox,5.288470174907225,1.9185274258904352,Não,18.0,188.65273876080937
Jogo_973,RPG,PC,3.0517401325504556,5.308795867398958,Não,17.0,58.82278351023896
Jogo_974,RPG,Mobile,6.266532001788081,8.874689833150569,Sim,7.0,32.07524375776586
Jogo_975,RPG,Switch,5.350859451795675,1.1723930067438957,Sim,8.0,55.833087852387024
Jogo_976,RPG,PlayStation,1.1300840393758427,2.4038164069365275,Não,14.0,107.19579380174372
Jogo_977,Puzzle,Xbox,3.053895175262049,1.0866474790993592,Não,11.0,60.86973903976053
Jogo_978,Esportes,PC,7.70760340693763,1.020030522550626,Sim,5.0,138.79383006719306
Jogo_979,Puzzle,Mobile,4.19146196992497,2.4616182222666416,Não,5.0,36.316856683475336
Jogo_980,Puzzle,Xbox,3.536754569935746,3.4084973934090463,Sim,,104.93511714580066
Jogo_981,Aventura,Xbox,3.270741444798026,3.468501469408579,Não,12.0,151.52532059317846
Jogo_982,Puzzle,Xbox,,7.473825935206404,Não,4.0,123.94451264072225
Jogo_983,Puzzle,Xbox,,5.495991324416567,Sim,,36.603288802790175
Jogo_984,Aventura,PlayStation,,6.075807573176535,Não,6.0,159.14359528213203
Jogo_985,RPG,Xbox,4.3077466018808295,7.692493588123469,Não,11.0,156.52831616076818
Jogo_986,Puzzle,PlayStation,8.989445291574548,2.414439991094963,Sim,18.0,64.70217954382684
Jogo_987,Ação,PlayStation,3.3655916133119517,0.2970833661534602,Não,13.0,34.42176916116311
Jogo_988,Ação,Mobile,2.395515090169015,3.523538926466559,Não,17.0,86.05316783499057
Jogo_989,Esportes,Mobile,,5.03784381384618,Não,7.0,123.02754762213863
Jogo_990,Aventura,Switch,1.1561244480156954,8.098244498682217,Sim,10.0,47.13468402380832
Jogo_991,RPG,PC,5.010814681579271,1.3542366423684624,Sim,11.0,176.15289545615573
Jogo_992,Ação,Xbox,8.968048440252598,0.2090319766491786,Não,14.0,96.76993290716325
Jogo_993,Puzzle,Xbox,8.690585431211286,4.617549203297423,Sim,18.0,46.49095771583961
Jogo_994,Esportes,PC,3.233621226787807,1.885376033685351,Sim,16.0,67.8954201604551
Jogo_995,Puzzle,PlayStation,6.373151207024635,1.0639489611080297,Não,,141.13409507773738
Jogo_996,Puzzle,Mobile,,7.7909549551356445,Não,6.0,39.36159278749629
Jogo_997,Ação,Mobile,5.860813055069832,8.86253803872162,Sim,15.0,90.17398206842806
Jogo_998,RPG,Mobile,9.841188604362118,9.974365172597956,Sim,9.0,149.089324326164
Jogo_999,RPG,Xbox,6.9096134143639745,5.7116939627345475,Não,16.0,156.24101510185847
